pdb	Hchain	Lchain	model	antigen_chain	antigen_type	antigen_het_name	antigen_name	short_header	date	compound	organism	heavy_species	light_species	antigen_species	authors	resolution	method	r_free	r_factor	scfv	engineered	heavy_subclass	light_subclass	light_ctype	affinity	delta_g	affinity_method	temperature	pmid
5ig7	G	H	0	I	peptide	NA	peptide pro-leu-gln-pro-gln-gln-pro-phe-pro	IMMUNE SYSTEM	02/27/16	Crystal structure of anti-gliadin 1002-1E01 Fab fragment in complex of peptide PLQPQQPFP	HOMO SAPIENS; SYNTHETIC CONSTRUCT	homo sapiens	homo sapiens	homo sapiens	Chen, X., Zhao, Y., Harlos, K., Snir, O., Sollid, L.M.	1.97	X-RAY DIFFRACTION	0.236	0.190	False	True	IGHV3	IGLV4	Lambda	None	None	None	None	None
5ig7	A	B	0	C	peptide	NA	peptide pro-leu-gln-pro-gln-gln-pro-phe-pro	IMMUNE SYSTEM	02/27/16	Crystal structure of anti-gliadin 1002-1E01 Fab fragment in complex of peptide PLQPQQPFP	HOMO SAPIENS; SYNTHETIC CONSTRUCT	homo sapiens	homo sapiens	homo sapiens	Chen, X., Zhao, Y., Harlos, K., Snir, O., Sollid, L.M.	1.97	X-RAY DIFFRACTION	0.236	0.190	False	True	IGHV3	IGLV4	Lambda	None	None	None	None	None
5ig7	D	E	0	F	peptide	NA	peptide pro-leu-gln-pro-gln-gln-pro-phe-pro	IMMUNE SYSTEM	02/27/16	Crystal structure of anti-gliadin 1002-1E01 Fab fragment in complex of peptide PLQPQQPFP	HOMO SAPIENS; SYNTHETIC CONSTRUCT	homo sapiens	homo sapiens	homo sapiens	Chen, X., Zhao, Y., Harlos, K., Snir, O., Sollid, L.M.	1.97	X-RAY DIFFRACTION	0.236	0.190	False	True	IGHV3	IGLV4	Lambda	None	None	None	None	None
5ig7	J	K	0	L	peptide	NA	peptide pro-leu-gln-pro-gln-gln-pro-phe-pro	IMMUNE SYSTEM	02/27/16	Crystal structure of anti-gliadin 1002-1E01 Fab fragment in complex of peptide PLQPQQPFP	HOMO SAPIENS; SYNTHETIC CONSTRUCT	homo sapiens	homo sapiens	homo sapiens	Chen, X., Zhao, Y., Harlos, K., Snir, O., Sollid, L.M.	1.97	X-RAY DIFFRACTION	0.236	0.190	False	True	IGHV3	IGLV4	Lambda	None	None	None	None	None
1n0x	K	M	0	R	peptide	NA	b2.1 peptide	IMMUNE SYSTEM	10/15/02	Crystal Structure of a Broadly Neutralizing Anti-HIV-1 Antibody in Complex with a Peptide Mimotope	HOMO SAPIENS; SYNTHETIC CONSTRUCT	homo sapiens	homo sapiens		Saphire, E.O., Montero, M., Menendez, A., Irving, M.B., Zwick, M.B., Parren, P.W.H.I., Burton, D.R., Scott, J.K., Wilson, I.A.	1.8	X-RAY DIFFRACTION	0.252	0.220	False	True	IGHV1	IGKV3	Kappa	None	None	None	None	None
1n0x	H	L	0	P	peptide	NA	b2.1 peptide	IMMUNE SYSTEM	10/15/02	Crystal Structure of a Broadly Neutralizing Anti-HIV-1 Antibody in Complex with a Peptide Mimotope	HOMO SAPIENS; SYNTHETIC CONSTRUCT	homo sapiens	homo sapiens		Saphire, E.O., Montero, M., Menendez, A., Irving, M.B., Zwick, M.B., Parren, P.W.H.I., Burton, D.R., Scott, J.K., Wilson, I.A.	1.8	X-RAY DIFFRACTION	0.252	0.220	False	True	IGHV1	IGKV3	Kappa	None	None	None	None	None
4wy7	H	L	0	P	peptide	NA	envelope glycoprotein gp160	IMMUNE SYSTEM	11/16/14	Crystal structure of recombinant 4E10 expressed in Escherichia coli with epitope bound	HOMO SAPIENS; HUMAN IMMUNODEFICIENCY VIRUS TYPE 1 GROUP M SUBTYPE B	homo sapiens	homo sapiens	human immunodeficiency virus type 1 group msubtype b 	Rujas, E., Morante, K., Tsumoto, K., Nieva, J.L., Caaveiro, J.M.M.	2.1	X-RAY DIFFRACTION	0.207	0.162	False	True	IGHV1	IGKV3	Kappa	None	None	None	None	None
5xcv	A	B	0	C	peptide	NA	pa14 peptide	IMMUNE SYSTEM	03/23/17	Crystal structure of NZ-1 Fv-clasp fragment with its antigen peptide	RATTUS; HOMO SAPIENS; SYNTHETIC CONSTRUCT	rattus, homo sapiens	rattus, homo sapiens	homo sapiens	Arimori, T., Takagi, J.	2.143	X-RAY DIFFRACTION	0.277	0.228	False	True	IGHV5	IGLV3	Lambda	None	None	None	None	None
5xcv	D	E	0	F	peptide	NA	pa14 peptide	IMMUNE SYSTEM	03/23/17	Crystal structure of NZ-1 Fv-clasp fragment with its antigen peptide	RATTUS; HOMO SAPIENS; SYNTHETIC CONSTRUCT	rattus, homo sapiens	rattus, homo sapiens	homo sapiens	Arimori, T., Takagi, J.	2.143	X-RAY DIFFRACTION	0.277	0.228	False	True	IGHV5	IGLV3	Lambda	None	None	None	None	None
5xct	A	B	0	C	peptide	NA	c8 peptide	IMMUNE SYSTEM	03/23/17	Crystal structure of P20.1 Fv-clasp fragment with its antigen peptide	MUS MUSCULUS; HOMO SAPIENS; SYNTHETIC CONSTRUCT	mus musculus, homo sapiens	mus musculus, homo sapiens	homo sapiens	Arimori, T., Takagi, J.	1.17	X-RAY DIFFRACTION	0.185	0.152	False	True	IGHV9	IGLV1	Lambda	None	None	None	None	None
5xcr	A	B	0	C	peptide	NA	c8 peptide	IMMUNE SYSTEM	03/23/17	Crystal structure of P20.1 Fv-clasp fragment with its antigen peptide	MUS MUSCULUS; HOMO SAPIENS; SYNTHETIC CONSTRUCT	mus musculus, homo sapiens	mus musculus, homo sapiens	homo sapiens	Arimori, T., Takagi, J.	1.75	X-RAY DIFFRACTION	0.202	0.171	False	True	IGHV9	IGLV1	Lambda	None	None	None	None	None
5xcr	D	E	0	F	peptide	NA	c8 peptide	IMMUNE SYSTEM	03/23/17	Crystal structure of P20.1 Fv-clasp fragment with its antigen peptide	MUS MUSCULUS; HOMO SAPIENS; SYNTHETIC CONSTRUCT	mus musculus, homo sapiens	mus musculus, homo sapiens	homo sapiens	Arimori, T., Takagi, J.	1.75	X-RAY DIFFRACTION	0.202	0.171	False	True	IGHV9	IGLV1	Lambda	None	None	None	None	None
5xcq	A	B	0	C	peptide	NA	c8 peptide	IMMUNE SYSTEM	03/23/17	Crystal structure of P20.1 Fv-clasp fragment with its antigen peptide	MUS MUSCULUS; HOMO SAPIENS; SYNTHETIC CONSTRUCT	mus musculus, homo sapiens	mus musculus, homo sapiens	homo sapiens	Arimori, T., Takagi, J.	1.313	X-RAY DIFFRACTION	0.182	0.165	False	True	IGHV9	IGLV1	Lambda	None	None	None	None	None
5dtf	A	B	0	B	Hapten	5CT	Hypusine	IMMUNE SYSTEM	09/18/15	context-independent anti-hypusine antibody FabHpu98.61 in complex with hypusine	ORYCTOLAGUS CUNICULUS; SYNTHETIC CONSTRUCT	oryctolagus cuniculus	oryctolagus cuniculus	oryctolagus cuniculus	Zhai, Q., Carter, P.J.	1.9	X-RAY DIFFRACTION	0.254	0.212	False	True	IGHV1	IGKV1	Kappa	None	None	None	None	None
5dtf	H	L	0	P	peptide	NA	peptide	IMMUNE SYSTEM	09/18/15	context-independent anti-hypusine antibody FabHpu98.61 in complex with hypusine	ORYCTOLAGUS CUNICULUS; SYNTHETIC CONSTRUCT	oryctolagus cuniculus	oryctolagus cuniculus	synthetic construct	Zhai, Q., Carter, P.J.	1.9	X-RAY DIFFRACTION	0.254	0.212	False	True	IGHV1	IGKV1	Kappa	None	None	None	None	None
3eys	H	L	0	Q	peptide	NA	pyro-glu3-a-beta (3-8) peptide	IMMUNE SYSTEM	10/21/08	PFA1 Fab fragment complexed with pyro-Glu3-A-Beta (3-8)	MUS MUSCULUS; SYNTHETIC CONSTRUCT	mus musculus	mus musculus		Gardberg, A.S., Dealwis, C.G.	1.95	X-RAY DIFFRACTION	0.256	0.204	False	True	IGHV8	IGKV1	Kappa	3.00E-06	-7.4	SPR	20	19385664
5ivn	A	NA	0	B	peptide	NA	cadherin derived peptide	PEPTIDE BINDING PROTEIN	03/21/16	BC2 nanobody in complex with the BC2 peptide tag	VICUGNA PACOS; SYNTHETIC CONSTRUCT	vicugna pacos		homo sapiens	Braun, M.B., Stehle, T.	1.0	X-RAY DIFFRACTION	0.150	0.128	False	True	IGHV1	NA	NA	None	None	None	None	None
1tjh	H	L	0	P	peptide	NA	envelope glycoprotein gp41	Viral protein/Immune system	06/04/04	Crystal Structure of the broadly neutralizing anti-HIV-1 antibody 2F5 in complex with a gp41 11mer epitope	HOMO SAPIENS; SYNTHETIC CONSTRUCT	homo sapiens	homo sapiens		Ofek, G., Tang, M., Sambor, A., Katinger, H., Mascola, J.R., Wyatt, R., Kwong, P.D.	2.1	X-RAY DIFFRACTION	0.233	0.200	False	True	IGHV2	IGKV1	Kappa	None	None	None	None	None
1tjg	H	L	0	P	peptide	NA	envelope glycoprotein gp41	Viral protein/Immune system	06/04/04	Crystal Structure of the broadly neutralizing anti-HIV-1 antibody 2F5 in complex with a gp41 7mer epitope	HOMO SAPIENS; SYNTHETIC CONSTRUCT	homo sapiens	homo sapiens		Ofek, G., Tang, M., Sambor, A., Katinger, H., Mascola, J.R., Wyatt, R., Kwong, P.D.	2.0	X-RAY DIFFRACTION	0.225	0.198	False	True	IGHV2	IGKV1	Kappa	None	None	None	None	None
3uyr	H	L	0	P	peptide	NA	h-2 class i histocompatibility antigen, l-d alpha chain	IMMUNE SYSTEM	12/06/11	Structure of a monoclonal antibody complexed with its MHC-I antigen	MUS MUSCULUS; SYNTHETIC CONSTRUCT	mus musculus	mus musculus	mus musculus	Margulies, D.H., Mage, M.G., Wang, R., Natarajan, K.	1.7	X-RAY DIFFRACTION	0.226	0.192	False	False	IGHV5	IGKV1	Kappa	None	None	None	None	None
4tqe	H	L	0	A	peptide	NA	microtubule-associated protein tau	IMMUNE SYSTEM	06/11/14	Structure of tau peptide in complex with Tau5 antibody Fab fragment	MUS MUSCULUS; SYNTHETIC CONSTRUCT	mus musculus	mus musculus	homo sapiens	Cehlar, O., Skrabana, R., Novak, M.	1.6	X-RAY DIFFRACTION	0.197	0.151	False	False	IGHV14	IGKV1	Kappa	None	None	None	None	None
3g5v	B	A	0	C	peptide	NA	epidermal growth factor receptor peptide	IMMUNE SYSTEM	02/05/09	Antibodies Specifically Targeting a Locally Misfolded Region of Tumor Associated EGFR	MUS MUSCULUS; SYNTHETIC CONSTRUCT	mus musculus	mus musculus		Garrett, T.P.J., Burgess, A.W., Huyton, T., Xu, Y.	2.001	X-RAY DIFFRACTION	0.279	0.226	False	True	IGHV3	IGKV14	Kappa	8.50E-08	-9.64	SPR	25	19289842
1e4w	H	L	0	P	peptide	NA	cyclic peptide	IMMUNE SYSTEM	07/12/00	crossreactive binding of a circularized peptide to an anti-TGFalpha antibody Fab-fragment	MUS MUSCULUS; SYNTHETIC CONSTRUCT	mus musculus	mus musculus		Hahn, M., Winkler, D., Misselwitz, R., Wessner, H., Welfle, K., Zahn, G., Schneider-Mergener, J., Hoehne, W.	1.95	X-RAY DIFFRACTION	0.269	0.204	False	False	IGHV1	IGKV10	Kappa	None	None	None	None	None
1e4x	H	L	0	P	peptide	NA	cyclic peptide	IMMUNE SYSTEM	07/12/00	crossreactive binding of a circularized peptide to an anti-TGFalpha antibody Fab-fragment	MUS MUSCULUS; SYNTHETIC CONSTRUCT	mus musculus	mus musculus		Hahn, M., Winkler, D., Misselwitz, R., Wessner, H., Welfle, K., Zahn, G., Schneider-Mergener, J., Hoehne, W.	1.9	X-RAY DIFFRACTION	0.311	0.245	False	False	IGHV1	IGKV10	Kappa	None	None	None	None	None
1e4x	I	M	0	Q	peptide	NA	cyclic peptide	IMMUNE SYSTEM	07/12/00	crossreactive binding of a circularized peptide to an anti-TGFalpha antibody Fab-fragment	MUS MUSCULUS; SYNTHETIC CONSTRUCT	mus musculus	mus musculus		Hahn, M., Winkler, D., Misselwitz, R., Wessner, H., Welfle, K., Zahn, G., Schneider-Mergener, J., Hoehne, W.	1.9	X-RAY DIFFRACTION	0.311	0.245	False	False	IGHV1	IGKV10	Kappa	None	None	None	None	None
3go1	H	L	0	P	peptide	NA	envelope glycoprotein gp160	IMMUNE SYSTEM	03/18/09	Crystal structure of anti-HIV-1 Fab 268-D in complex with V3 peptide MN	HOMO SAPIENS; SYNTHETIC CONSTRUCT	homo sapiens	homo sapiens		Kong, X.P., Burke, V.J.	1.89	X-RAY DIFFRACTION	0.213	0.191	False	False	IGHV4	IGLV3	Lambda	None	None	None	None	None
4hha	B	A	0	P	peptide	NA	glycoprotein b	IMMUNE SYSTEM	10/09/12	Anti-Human Cytomegalovirus (HCMV) Fab KE5 with epitope peptide AD-2S1	HOMO SAPIENS; SYNTHETIC CONSTRUCT	homo sapiens	homo sapiens	human herpesvirus 5	Bryson, S., Risnes, L., Damgupta, S., Thomson, C.A., Pfoh, R., Schrader, J.W., Pai, E.F.	1.6	X-RAY DIFFRACTION	0.226	0.213	False	False	IGHV3	IGKV3	Kappa	None	None	None
3ffd	A	B	0	P	peptide	NA	parathyroid hormone-related protein	IMMUNE SYSTEM/HORMONE	12/03/08	Structure of parathyroid hormone-related protein complexed to a neutralizing monoclonal antibody	HOMO SAPIENS; MUS MUSCULUS	mus musculus	mus musculus	homo sapiens	Mckinstry, W.J., Polekhina, G., Diefenbach-Jagger, H., Ho, P.W.M., Sato, K., Onuma, E., Gillespie, M.T., Martin, T.J., Parker, M.W.	2.0	X-RAY DIFFRACTION	0.271	0.224	False	True	IGHV5	IGLV3	Lambda	None	None	None	None	None
5myk	B	A	0	C	peptide	NA	amyloid beta a4 protein	IMMUNE SYSTEM	01/26/17	Structure of Pyroglutamate-Abeta-specific Fab c#17 in complex with murine Abeta-pE3-18PEGb	MUS MUSCULUS; SYNTHETIC CONSTRUCT	mus musculus	mus musculus	mus musculus	Parthier, C., Piechotta, A., Stubbs, M.T.	1.6	X-RAY DIFFRACTION	0.210	0.173	False	True	IGHV5	IGKV1	Kappa	None	None	None	None	None
5myo	D	C	0	NA	NA	NA	NA	IMMUNE SYSTEM	01/27/17	Structure of Pyroglutamate-Abeta-specific Fab c#6 in complex with human Abeta-pE3-12-PEGb	MUS MUSCULUS; SYNTHETIC CONSTRUCT	mus musculus	mus musculus		Parthier, C., Piechotta, A., Stubbs, M.T.	1.59	X-RAY DIFFRACTION	0.215	0.178	False	True	IGHV1	IGKV1	Kappa	None	None	None	None	None
5myo	B	A	0	E	peptide	NA	amyloid beta a4 protein	IMMUNE SYSTEM	01/27/17	Structure of Pyroglutamate-Abeta-specific Fab c#6 in complex with human Abeta-pE3-12-PEGb	MUS MUSCULUS; SYNTHETIC CONSTRUCT	mus musculus	mus musculus	homo sapiens	Parthier, C., Piechotta, A., Stubbs, M.T.	1.59	X-RAY DIFFRACTION	0.215	0.178	False	True	IGHV1	IGKV1	Kappa	None	None	None	None	None
4jfx	H	L	0	P	peptide	NA	phosphopeptide	immune system	02/28/13	protein complex3	ESCHERICHIA COLI; SYNTHETIC CONSTRUCT				Koerber, J.T., Thomsen, N.D., Hannigan, B.T., Degrado, W.F., Wells, J.A.	1.95	X-RAY DIFFRACTION	0.202	0.163	False	True	IGHV3	IGKV3	Kappa	None	None	None
4jfx	B	A	0	NA	NA	NA	NA	immune system	02/28/13	protein complex3	ESCHERICHIA COLI; SYNTHETIC CONSTRUCT				Koerber, J.T., Thomsen, N.D., Hannigan, B.T., Degrado, W.F., Wells, J.A.	1.95	X-RAY DIFFRACTION	0.202	0.163	False	True	IGHV3	IGKV3	Kappa	None	None	None
4jfz	H	L	0	P	peptide	NA	phosphopeptide	immune system	02/28/13	Structure of phosphoserine (pSAb) scaffold bound to pSer peptide	ESCHERICHIA COLI; SYNTHETIC CONSTRUCT				Koerber, J.T., Thomsen, N.D., Hannigan, B.T., Degrado, W.F., Wells, J.A.	1.75	X-RAY DIFFRACTION	0.199	0.154	False	True	IGHV3	IGKV3	Kappa	None	None	None
3c2a	H	L	0	P	peptide	NA	envelope glycoprotein	IMMUNE SYSTEM	01/24/08	Antibody Fab fragment 447-52D in complex with UG1033 peptide	HOMO SAPIENS; SYNTHETIC CONSTRUCT	homo sapiens	homo sapiens		Dhillon, A.K., Stanfield, R.L., Wilson, I.A.	2.1	X-RAY DIFFRACTION	0.298	0.240	False	False	IGHV3	IGLV1	Lambda	None	None	None	None	None
3c2a	I	M	0	Q	peptide	NA	envelope glycoprotein	IMMUNE SYSTEM	01/24/08	Antibody Fab fragment 447-52D in complex with UG1033 peptide	HOMO SAPIENS; SYNTHETIC CONSTRUCT	homo sapiens	homo sapiens		Dhillon, A.K., Stanfield, R.L., Wilson, I.A.	2.1	X-RAY DIFFRACTION	0.298	0.240	False	False	IGHV3	IGLV1	Lambda	None	None	None	None	None
4p3c	H	L	0	M	peptide	NA	matrix metalloproteinase-14	IMMUNE SYSTEM	03/06/14	MT1-MMP:Fab complex (Form I)	MUS MUSCULUS; HOMO SAPIENS	mus musculus	mus musculus	homo sapiens	Rozenberg, H., Udi, Y., Sagi, I.	1.943	X-RAY DIFFRACTION	0.200	0.153	False	True	IGHV5	IGKV1	Kappa	None	None	None	None	None
4p3d	A	B	0	C	peptide	NA	matrix metalloproteinase-14	IMMUNE SYSTEM	03/07/14	MT1-MMP:Fab complex (Form II)	MUS MUSCULUS; HOMO SAPIENS	mus musculus	mus musculus	homo sapiens	Rozenberg, H., Udi, Y., Sagi, I.	1.949	X-RAY DIFFRACTION	0.210	0.158	False	True	IGHV5	IGKV1	Kappa	None	None	None	None	None
4p3d	H	L	0	M	peptide	NA	matrix metalloproteinase-14	IMMUNE SYSTEM	03/07/14	MT1-MMP:Fab complex (Form II)	MUS MUSCULUS; HOMO SAPIENS	mus musculus	mus musculus	homo sapiens	Rozenberg, H., Udi, Y., Sagi, I.	1.949	X-RAY DIFFRACTION	0.210	0.158	False	True	IGHV5	IGKV1	Kappa	None	None	None	None	None
5gis	H	L	0	C	peptide	NA	thr-lys-pro-ile-thr-ile-gly-ser-his-ala-his-gly-asp-gln-tyr-lys 	IMMUNE SYSTEM	06/24/16	Crystal structure of a Fab fragment with its ligand peptide	MUS MUSCULUS; SYNTHETIC CONSTRUCT	mus musculus	mus musculus	homo sapiens	Kitago, Y., Kaneko, K.K., Ogasawara, S., Kato, Y., Takagi, J.	1.93	X-RAY DIFFRACTION	0.216	0.186	False	True	IGHV1	IGKV5	Kappa	None	None	None	None	None
5gir	A	B	0	D	peptide	NA	lys-pro-ile-ile-ile-gly-ser-his-ala-tyr-gly-asp	IMMUNE SYSTEM	06/24/16	Crystal structure of a Fab fragment with its ligand peptide	MUS MUSCULUS; SYNTHETIC CONSTRUCT	mus musculus	mus musculus	homo sapiens	Kitago, Y., Kaneko, K.K., Ogasawara, S., Kato, Y., Takagi, J.	1.93	X-RAY DIFFRACTION	0.231	0.182	False	True	IGHV1	IGKV5	Kappa	None	None	None	None	None
5gir	H	L	0	C	peptide	NA	lys-pro-ile-ile-ile-gly-ser-his-ala-tyr-gly-asp	IMMUNE SYSTEM	06/24/16	Crystal structure of a Fab fragment with its ligand peptide	MUS MUSCULUS; SYNTHETIC CONSTRUCT	mus musculus	mus musculus	homo sapiens	Kitago, Y., Kaneko, K.K., Ogasawara, S., Kato, Y., Takagi, J.	1.93	X-RAY DIFFRACTION	0.231	0.182	False	True	IGHV1	IGKV5	Kappa	None	None	None	None	None
1qkz	H	L	0	P	peptide	NA	major outer membrane protein p1.16	IMMUNE SYSTEM	08/17/99	Fab fragment (MN14C11.6) in complex with a peptide antigen derived from Neisseria meningitidis P1.7 serosubtype antigen and domain II from Streptococcal protein G	STREPTOCOCCUS SP.; MUS MUSCULUS; SYNTHETIC CONSTRUCT	mus musculus	mus musculus	neisseria meningitidis	Derrick, J.P., Feavers, I., Maiden, M.C.J.	1.95	X-RAY DIFFRACTION	0.262	0.205	False	False	IGHV5	IGKV1	Kappa	None	None	None	None	None
3lex	H	L	0	P	peptide	NA	envelope glycoprotein gp41	IMMUNE SYSTEM	01/15/10	2F5 Epitope scaffold elicited anti-HIV-1 monoclonal antibody 11F10 in complex with HIV-1 GP41	MUS MUSCULUS; SYNTHETIC CONSTRUCT	mus musculus	mus musculus	human immunodeficiency virus 1	Ofek, G., Guenaga, F.J., Schief, W.R., Skinner, J., Baker, D., Wyatt, R., Kwong, P.D.	1.97	X-RAY DIFFRACTION	0.198	0.165	False	False	IGHV3	IGKV1	Kappa	None	None	None	None	None
3lex	A	B	0	C	peptide	NA	envelope glycoprotein gp41	IMMUNE SYSTEM	01/15/10	2F5 Epitope scaffold elicited anti-HIV-1 monoclonal antibody 11F10 in complex with HIV-1 GP41	MUS MUSCULUS; SYNTHETIC CONSTRUCT	mus musculus	mus musculus	human immunodeficiency virus 1	Ofek, G., Guenaga, F.J., Schief, W.R., Skinner, J., Baker, D., Wyatt, R., Kwong, P.D.	1.97	X-RAY DIFFRACTION	0.198	0.165	False	False	IGHV3	IGKV1	Kappa	None	None	None	None	None
5csz	H	L	0	D	peptide	NA	amyloid beta a4 protein	IMMUNE SYSTEM	07/23/15	CRYSTAL STRUCTURE OF GANTENERUMAB FAB FRAGMENT IN COMPLEX WITH ABETA 1-11	HOMO SAPIENS; SYNTHETIC CONSTRUCT	homo sapiens	homo sapiens	homo sapiens	Benz, J., Burger, D., Loetscher, H.R., Bohrmann, B.	1.8	X-RAY DIFFRACTION	0.230	0.196	False	True	IGHV3	IGKV3	Kappa	None	None	None	None	None
5csz	A	B	0	E	peptide	NA	amyloid beta a4 protein	IMMUNE SYSTEM	07/23/15	CRYSTAL STRUCTURE OF GANTENERUMAB FAB FRAGMENT IN COMPLEX WITH ABETA 1-11	HOMO SAPIENS; SYNTHETIC CONSTRUCT	homo sapiens	homo sapiens	homo sapiens	Benz, J., Burger, D., Loetscher, H.R., Bohrmann, B.	1.8	X-RAY DIFFRACTION	0.230	0.196	False	True	IGHV3	IGKV3	Kappa	None	None	None	None	None
3bkj	H	L	0	A	peptide	NA	amyloid beta peptide	IMMUNE SYSTEM	12/06/07	Crystal structure of Fab wo2 bound to the n terminal domain of amyloid beta peptide (1-16)	MUS MUSCULUS; SYNTHETIC CONSTRUCT	mus musculus	mus musculus		Miles, L.A., Wun, K.S., Crespi, G.A., Fodero-Tavoletti, M., Galatis, D., Bageley, C.J., Beyreuther, K., Masters, C.L., Cappai, R., McKinstry, W.J., Barnham, K.J., Parker, M.W.	1.59	X-RAY DIFFRACTION	0.231	0.188	False	False	IGHV8	IGKV1	Kappa	None	None	None	None	None
5t6p	D	C	0	E	peptide	NA	muc1 peptide fragment	IMMUNE SYSTEM	09/01/16	Crystal structure of therapeutic mAB AR20.5 in complex with MUC1 peptide	MUS MUSCULUS; SYNTHETIC CONSTRUCT	mus musculus	mus musculus	homo sapiens	Brooks, C.L., Movahedin, M.	1.97	X-RAY DIFFRACTION	0.232	0.221	False	True	IGHV5	IGKV1	Kappa	None	None	None	None	None
5t6p	B	A	0	F	peptide	NA	muc1 peptide fragment	IMMUNE SYSTEM	09/01/16	Crystal structure of therapeutic mAB AR20.5 in complex with MUC1 peptide	MUS MUSCULUS; SYNTHETIC CONSTRUCT	mus musculus	mus musculus	homo sapiens	Brooks, C.L., Movahedin, M.	1.97	X-RAY DIFFRACTION	0.232	0.221	False	True	IGHV5	IGKV1	Kappa	None	None	None	None	None
3ley	H	L	0	P	peptide	NA	envelope glycoprotein gp41	IMMUNE SYSTEM	01/15/10	2F5 Epitope scaffold elicited anti-HIV-1 monoclonal antibody 6a7 in complex with HIV-1 GP41	MUS MUSCULUS; SYNTHETIC CONSTRUCT	mus musculus	mus musculus	human immunodeficiency virus 1	Ofek, G., Guenaga, F.J., Schief, W.R., Skinner, J., Baker, D., Wyatt, R., Kwong, P.D.	1.99	X-RAY DIFFRACTION	0.215	0.177	False	False	IGHV3	IGKV1	Kappa	None	None	None	None	None
4jg1	H	L	0	P	peptide	NA	phosphopeptide	immune system	02/28/13	Structure of phosphoserine/threonine (pSTAb) scaffold bound to pThr peptide	ESCHERICHIA COLI; SYNTHETIC CONSTRUCT				Koerber, J.T., Thomsen, N.D., Hannigan, B.T., Degrado, W.F., Wells, J.A.	1.55	X-RAY DIFFRACTION	0.174	0.151	False	True	IGHV3	IGKV3	Kappa	None	None	None
4jg0	H	L	0	P	peptide	NA	phosphopeptide	immune system	02/28/13	Structure of phosphoserine/threonine (pSTAb) scaffold bound to pSer peptide	ESCHERICHIA COLI; SYNTHETIC CONSTRUCT				Koerber, J.T., Thomsen, N.D., Hannigan, B.T., Degrado, W.F., Wells, J.A.	1.81	X-RAY DIFFRACTION	0.202	0.161	False	True	IGHV3	IGKV3	Kappa	None	None	None
4m1d	I	M	0	Q	peptide	NA	cyclic v3 arch peptide	IMMUNE SYSTEM	08/02/13	Crystal structure of anti-HIV-1 Fab 447-52D in complex with V3 cyclic peptide MN	HOMO SAPIENS; SYNTHETIC CONSTRUCT	homo sapiens	homo sapiens		Killikelly, A., Kong, X.P.	1.8	X-RAY DIFFRACTION	0.216	0.186	False	True	IGHV3	IGLV1	Lambda	None	None	None
4m1d	H	L	0	P	peptide	NA	cyclic v3 arch peptide	IMMUNE SYSTEM	08/02/13	Crystal structure of anti-HIV-1 Fab 447-52D in complex with V3 cyclic peptide MN	HOMO SAPIENS; SYNTHETIC CONSTRUCT	homo sapiens	homo sapiens		Killikelly, A., Kong, X.P.	1.8	X-RAY DIFFRACTION	0.216	0.186	False	True	IGHV3	IGLV1	Lambda	None	None	None
4n0y	H	L	0	A	peptide	NA	hcv e1 peptide	IMMUNE SYSTEM	10/02/13	Structure of the Hepatitis C Envelope Glycoprotein E1 antigenic region 314-324 bound to the cross-neutralizing antibody IGH526	HOMO SAPIENS; SYNTHETIC CONSTRUCT	homo sapiens	homo sapiens	hepatitis c virus	Kong, L., Wilson, I.A.	1.749	X-RAY DIFFRACTION	0.210	0.179	False	True	IGHV1	IGLV1	Lambda	None	None	None	None	None
2r0z	H	L	0	Q	peptide	NA	gripi peptide fragment	IMMUNE SYSTEM	08/21/07	PFA1 FAB complexed with GripI peptide fragment	MUS MUSCULUS; SYNTHETIC CONSTRUCT	mus musculus	mus musculus		Gardberg, A.S., Dealwis, C.	2.096	X-RAY DIFFRACTION	0.261	0.201	False	False	IGHV8	IGKV1	Kappa	3.40E-06	-7.33	SPR	20	17895381
3h0t	B	A	0	C	peptide	NA	hepcidin	IMMUNE SYSTEM/Antimicrobial Protein	04/10/09	Hepcidin-Fab complex	HOMO SAPIENS	homo sapiens	homo sapiens	homo sapiens	Syed, R., Li, V.	1.89	X-RAY DIFFRACTION	0.251	0.202	False	True	IGHV6	IGLV6	Lambda	None	None	None	None	None
4yo0	C	D	0	F	peptide	NA	pa14 peptide	IMMUNE SYSTEM	03/11/15	Crystal structure of monoclonal anti-human podoplanin antibody NZ-1 with bound PA peptide	RATTUS NORVEGICUS; SYNTHETIC CONSTRUCT	rattus norvegicus	rattus norvegicus	homo sapiens	Fujii, Y., Kitago, Y., Arimori, T., Takagi, J.	1.56	X-RAY DIFFRACTION	0.214	0.179	False	True	IGHV5	IGLV3	Lambda	None	None	None	None	None
4yo0	A	B	0	E	peptide	NA	pa14 peptide	IMMUNE SYSTEM	03/11/15	Crystal structure of monoclonal anti-human podoplanin antibody NZ-1 with bound PA peptide	RATTUS NORVEGICUS; SYNTHETIC CONSTRUCT	rattus norvegicus	rattus norvegicus	homo sapiens	Fujii, Y., Kitago, Y., Arimori, T., Takagi, J.	1.56	X-RAY DIFFRACTION	0.214	0.179	False	True	IGHV5	IGLV3	Lambda	None	None	None	None	None
3idi	B	A	0	C	peptide	NA	gp41 mper peptide	IMMUNE SYSTEM	07/21/09	Crystal structure of the HIV-1 Cross Neutralizing Monoclonal Antibody 2F5 Fab' fragment in complex with gp41 Peptide ALDKWNQ	HOMO SAPIENS; SYNTHETIC CONSTRUCT	homo sapiens	homo sapiens		Julien, J.-P., Bryson, S., Pai, E.F.	2.1	X-RAY DIFFRACTION	0.230	0.212	False	False	IGHV2	IGKV1	Kappa	None	None	None	None	None
5x08	H	L	0	P	peptide	NA	envelope glycoprotein gp160	IMMUNE SYSTEM	01/20/17	Crystal structure of broadly neutralizing anti-HIV-1 antibody 4E10, mutant Npro, with peptide bound	HOMO SAPIENS; HUMAN IMMUNODEFICIENCY VIRUS TYPE 1 (MAL ISOLATE)	homo sapiens	homo sapiens	human immunodeficiency virus type 1 (malisolate) 	Caaveiro, J.M.M., Rujas, E., Nieva, J.L., Tsumoto, K.	1.49	X-RAY DIFFRACTION	0.169	0.129	False	True	IGHV1	IGKV3	Kappa	None	None	None	None	None
1a3r	H	L	0	P	peptide	NA	human rhinovirus capsid protein vp2	VIRAL PROTEIN/IMMUNE SYSTEM	01/23/98	FAB FRAGMENT (ANTIBODY 8F5) COMPLEXED WITH PEPTIDE FROM HUMAN RHINOVIRUS (SEROTYPE 2) VIRAL CAPSID PROTEIN VP2 (RESIDUES 156-170)	MUS MUSCULUS; HUMAN RHINOVIRUS 2	mus musculus	mus musculus	human rhinovirus 2	Tormo, J., Blaas, D., Fita, I.	2.1	X-RAY DIFFRACTION	unknown	0.171	False	False	IGHV14	IGKV8	Kappa	None	None	None	None	None
3v52	H	L	0	P	peptide	NA	h-2 class i histocompatibility antigen, l-d alpha chain	IMMUNE SYSTEM	12/15/11	Structure of a monoclonal antibody complexed with its MHC-I antigen	MUS MUSCULUS; SYNTHETIC CONSTRUCT	mus musculus	mus musculus	mus musculus	Mage, M.G., Dolan, M.A., Wang, R., Boyd, L.F., Revilleza, M.J., Robinson, H., Natarajan, K., Myers, N.B., Hansen, T.H., Margulies, D.H.	1.697	X-RAY DIFFRACTION	0.227	0.197	False	False	IGHV5	IGKV1	Kappa	None	None	None	None	None
3v4u	H	L	0	P	peptide	NA	h-2 class i histocompatibility antigen, l-d alpha chain	IMMUNE SYSTEM	12/15/11	Structure of a monoclonal antibody complexed with its MHC-I antigen	MUS MUSCULUS; SYNTHETIC CONSTRUCT	mus musculus	mus musculus	mus musculus	Margulies, D.H., Mage, M.G., Wang, R., Natarajan, K.	1.64	X-RAY DIFFRACTION	0.251	0.213	False	False	IGHV5	IGKV1	Kappa	None	None	None	None	None
4dgv	H	L	0	A	peptide	NA	e2 peptide	IMMUNE SYSTEM/VIRAL PROTEIN	01/26/12	Structure of the Hepatitis C virus envelope glycoprotein E2 antigenic region 412-423 bound to the broadly neutralizing antibody HCV1, P2(1) form	HOMO SAPIENS; SYNTHETIC CONSTRUCT	homo sapiens	homo sapiens	hepatitis c virus	Kong, L., Wilson, I.A., Law, M.	1.805	X-RAY DIFFRACTION	0.214	0.170	False	True	IGHV3	IGKV3	Kappa	None	None	None	None	None
1u8h	B	A	0	C	peptide	NA	gp41 peptide	IMMUNE SYSTEM	08/06/04	Crystal structure of the HIV-1 Cross Neutralizing Monoclonal Antibody 2F5 in complex with gp41 Peptide ALDKWAS	HOMO SAPIENS; SYNTHETIC CONSTRUCT	homo sapiens	homo sapiens	human immunodeficiency virus 1	Bryson, S., Julien, J.-P., Hynes, R.C., Pai, E.F.	2.1	X-RAY DIFFRACTION	0.236	0.221	False	False	IGHV2	IGKV1	Kappa	None	None	None	None	None
1u8i	B	A	0	C	peptide	NA	gp41 peptide	IMMUNE SYSTEM	08/06/04	Crystal structure of the HIV-1 Cross Neutralizing Monoclonal Antibody 2F5 in complex with gp41 Peptide ELDKWAN	HOMO SAPIENS; SYNTHETIC CONSTRUCT	homo sapiens	homo sapiens	human immunodeficiency virus 1	Bryson, S., Julien, J.-P., Hynes, R.C., Pai, E.F.	2.0	X-RAY DIFFRACTION	0.247	0.233	False	False	IGHV2	IGKV1	Kappa	None	None	None	None	None
4tuk	H	L	0	I	peptide	NA	peptide2	IMMUNE SYSTEM	06/24/14	Crystal structure of monoclonal antibody against neuroblastoma associated antigen.	MUS MUSCULUS; SYNTHETIC CONSTRUCT	mus musculus	mus musculus	phage #d	Golik, P., Grudnik, P., Dubin, G., Horwacik, I., Zdzalik, M., Rokita, H.	1.6	X-RAY DIFFRACTION	0.206	0.162	False	True	IGHV1	IGKV1	Kappa	None	None	None	None	None
4tuj	A	B	0	E	peptide	NA	peptide1	IMMUNE SYSTEM	06/24/14	Crystal structure of monoclonal antibody against neuroblastoma associated antigen.	MUS MUSCULUS; SYNTHETIC CONSTRUCT	mus musculus	mus musculus	homo sapiens	Grudnik, P., Golik, P., Horwacik, I., Zdzalik, M., Rokita, H., Dubin, G.	1.89	X-RAY DIFFRACTION	0.232	0.179	False	True	IGHV1	IGKV1	Kappa	None	None	None	None	None
4tuj	C	D	0	F	peptide	NA	peptide1	IMMUNE SYSTEM	06/24/14	Crystal structure of monoclonal antibody against neuroblastoma associated antigen.	MUS MUSCULUS; SYNTHETIC CONSTRUCT	mus musculus	mus musculus	homo sapiens	Grudnik, P., Golik, P., Horwacik, I., Zdzalik, M., Rokita, H., Dubin, G.	1.89	X-RAY DIFFRACTION	0.232	0.179	False	True	IGHV1	IGKV1	Kappa	None	None	None	None	None
4tul	H	L	0	I	peptide	NA	peptide2	IMMUNE SYSTEM	06/24/14	Crystal structure of monoclonal antibody against neuroblastoma associated antigen.	MUS MUSCULUS; SYNTHETIC CONSTRUCT	mus musculus	mus musculus	phage #d	Golik, P., Grudnik, P., Dubin, G., Zdzalik, M., Rokita, H., Horwacik, I.	1.4	X-RAY DIFFRACTION	0.217	0.188	False	True	IGHV1	IGKV1	Kappa	None	None	None	None	None
2b1h	H	L	0	P	peptide	NA	ug29 peptide of exterior membrane glycoprotein gp120	IMMMUNE SYSTEM	09/15/05	Crystal structure analysis of anti-HIV-1 V3 Fab 2219 in complex with UG29 peptide	HOMO SAPIENS; SYNTHETIC CONSTRUCT	homo sapiens	homo sapiens		Stanfield, R.L., Gorny, M.K., Zolla-Pazner, S., Wilson, I.A.	2.0	X-RAY DIFFRACTION	0.238	0.205	False	False	IGHV5	IGLV1	Lambda	None	None	None	None	None
1pz5	B	A	0	C	peptide	NA	octapeptide (mdwnmhaa)	IMMUNE SYSTEM	07/09/03	Structural basis of peptide-carbohydrate mimicry in an antibody combining site	MUS MUSCULUS; SYNTHETIC CONSTRUCT	mus musculus	mus musculus		Vyas, N.K., Vyas, M.N., Chervenak, M.C., Bundle, D.R., Pinto, B.M., Quiocho, F.A.	1.8	X-RAY DIFFRACTION	0.254	0.219	False	False	IGHV6	IGKV1	Kappa	4.00E-06	-7.8	ITC	25	14645714
4ojf	H	L	0	A	peptide	NA	amyloid beta a4 protein	Immune System	01/21/14	Humanised 3D6 Fab complexed to amyloid beta 1-8	MUS MUSCULUS; SYNTHETIC CONSTRUCT	mus musculus	mus musculus	homo sapiens	Miles, L.A., Crespi, G.A.N., Parker, M.W.	1.998	X-RAY DIFFRACTION	0.215	0.172	False	True	IGHV3	IGKV2	Kappa	None	None	None	None	None
3g5y	B	A	0	E	peptide	NA	egfr peptide	IMMUNE SYSTEM	02/05/09	Antibodies Specifically Targeting a Locally Misfolded Region of Tumor Associated EGFR	MUS MUSCULUS; SYNTHETIC CONSTRUCT	mus musculus	mus musculus		Garrett, T.P.J., Burgess, A.W.	1.59	X-RAY DIFFRACTION	0.250	0.196	False	True	IGHV3	IGKV14	Kappa	1.54E-07	-9.29	SPR	25	19289842
3ifn	H	L	0	P	peptide	NA	amyloid beta a4 protein	IMMUNE SYSTEM	07/24/09	X-ray structure of amyloid beta peptide:antibody (Abeta1-40:12A11) complex	MUS MUSCULUS; SYNTHETIC CONSTRUCT	mus musculus	mus musculus	homo sapiens	Weis, W.I., Feinberg, H., Basi, G.S., Schenk, D.	1.5	X-RAY DIFFRACTION	0.212	0.187	False	True	IGHV8	IGKV1	Kappa	None	None	None	None	None
3ifo	A	B	0	Q	peptide	NA	amyloid beta a4 protein	IMMUNE SYSTEM	07/24/09	X-ray structure of amyloid beta peptide:antibody (Abeta1-7:10D5) complex	MUS MUSCULUS; SYNTHETIC CONSTRUCT	mus musculus	mus musculus	homo sapiens	Weis, W.I., Feinberg, H., Basi, G.S., Schenk, D.	2.15	X-RAY DIFFRACTION	0.218	0.162	False	True	IGHV8	IGKV1	Kappa	5.45E-08	-9.9	SPR	25	19923222
3ifo	H	L	0	P	peptide	NA	amyloid beta a4 protein	IMMUNE SYSTEM	07/24/09	X-ray structure of amyloid beta peptide:antibody (Abeta1-7:10D5) complex	MUS MUSCULUS; SYNTHETIC CONSTRUCT	mus musculus	mus musculus	homo sapiens	Weis, W.I., Feinberg, H., Basi, G.S., Schenk, D.	2.15	X-RAY DIFFRACTION	0.218	0.162	False	True	IGHV8	IGKV1	Kappa	5.45E-08	-9.9	SPR	25	19923222
3ifl	H	L	0	P	peptide	NA	amyloid beta a4 protein	IMMUNE SYSTEM	07/24/09	X-ray structure of amyloid beta peptide:antibody (Abeta1-7:12A11) complex	MUS MUSCULUS; SYNTHETIC CONSTRUCT	mus musculus	mus musculus	homo sapiens	Weis, W.I., Feinberg, H., Basi, G.S., Schenk, D.	1.5	X-RAY DIFFRACTION	0.206	0.178	False	True	IGHV8	IGKV1	Kappa	8.40E-09	-11.01	SPR	25	19923222
4zfo	A	B	0	F	peptide	NA	tumor necrosis factor receptor superfamily member 17	IMMUNE SYSTEM	04/21/15	J22.9-xi: chimeric mouse/human antibody against human BCMA (CD269)	MUS MUSCULUS; HOMO SAPIENS	mus musculus	mus musculus	homo sapiens	Marino, S.F., Daumke, O., Olal, D.	1.895	X-RAY DIFFRACTION	0.209	0.176	False	True	IGHV4	IGKV6	Kappa	None	None	None	None	None
4zfo	H	L	0	K	peptide	NA	tumor necrosis factor receptor superfamily member 17	IMMUNE SYSTEM	04/21/15	J22.9-xi: chimeric mouse/human antibody against human BCMA (CD269)	MUS MUSCULUS; HOMO SAPIENS	mus musculus	mus musculus	homo sapiens	Marino, S.F., Daumke, O., Olal, D.	1.895	X-RAY DIFFRACTION	0.209	0.176	False	True	IGHV4	IGKV6	Kappa	None	None	None	None	None
5aum	A	B	0	D	peptide	NA	peptide renlyfqgkdg	IMMUNE SYSTEM/PEPTIDE	04/30/15	Crystal structure of a Fab fragment with the ligand peptide	RATTUS; SYNTHETIC CONSTRUCT	rattus	rattus	potyviridae	Kitago, Y., Takagi, J.	2.05	X-RAY DIFFRACTION	0.221	0.189	False	True	IGHV10	IGKV2	Kappa	None	None	None	None	None
5aum	H	L	0	C	peptide	NA	peptide renlyfqgkdg	IMMUNE SYSTEM/PEPTIDE	04/30/15	Crystal structure of a Fab fragment with the ligand peptide	RATTUS; SYNTHETIC CONSTRUCT	rattus	rattus	potyviridae	Kitago, Y., Takagi, J.	2.05	X-RAY DIFFRACTION	0.221	0.189	False	True	IGHV10	IGKV2	Kappa	None	None	None	None	None
4g6f	H	L	0	P	peptide	NA	gp41 mper peptide	IMMUNE SYSTEM	07/19/12	Crystal Structure of 10E8 Fab in Complex with an HIV-1 gp41 Peptide	HOMO SAPIENS; SYNTHETIC CONSTRUCT	homo sapiens	homo sapiens	human immunodeficiency virus 1	Ofek, G., Huang, J., Connors, M., Kwong, P.D.	2.1	X-RAY DIFFRACTION	0.218	0.180	False	True	IGHV3	IGLV3	Lambda	None	None	None	None	None
4g6f	B	D	0	F	peptide	NA	gp41 mper peptide	IMMUNE SYSTEM	07/19/12	Crystal Structure of 10E8 Fab in Complex with an HIV-1 gp41 Peptide	HOMO SAPIENS; SYNTHETIC CONSTRUCT	homo sapiens	homo sapiens	human immunodeficiency virus 1	Ofek, G., Huang, J., Connors, M., Kwong, P.D.	2.1	X-RAY DIFFRACTION	0.218	0.180	False	True	IGHV3	IGLV3	Lambda	None	None	None	None	None
2ipu	G	K	0	P	peptide	NA	abeta 1-8 peptide	IMMUNE SYSTEM	10/12/06	PFA1 Fab fragment complexed with Abeta 1-8 peptide	MUS MUSCULUS; SYNTHETIC CONSTRUCT	mus musculus	mus musculus		Gardberg, A.S., Dealwis, C.	1.65	X-RAY DIFFRACTION	0.225	0.182	False	False	IGHV8	IGKV1	Kappa	None	None	None	None	None
2ipu	H	L	0	Q	peptide	NA	abeta 1-8 peptide	IMMUNE SYSTEM	10/12/06	PFA1 Fab fragment complexed with Abeta 1-8 peptide	MUS MUSCULUS; SYNTHETIC CONSTRUCT	mus musculus	mus musculus		Gardberg, A.S., Dealwis, C.	1.65	X-RAY DIFFRACTION	0.225	0.182	False	False	IGHV8	IGKV1	Kappa	None	None	None	None	None
4xvj	H	L	0	A	peptide	NA	hcv e2 antigen	IMMUNE SYSTEM	01/27/15	STUCTURE OF THE HEPATITIS C VIRUS ENVELOPE GLYCOPROTEIN E2 ANTIGENIC 2 REGION 412-423 BOUND TO THE BROADLY NEUTRALIZING ANTIBODY HC33.1	HOMO SAPIENS; SYNTHETIC CONSTRUCT	homo sapiens	homo sapiens	hepatitis c virus	Li, Y., Mariuzza, R.A.	2.0	X-RAY DIFFRACTION	0.274	0.225	False	True	IGHV3	IGLV1	Lambda	None	None	None	None	None
5w3p	H	L	0	P	peptide	NA	amyloid beta a4 protein	IMMUNE SYSTEM	06/08/17	ANTIBODY C706 IN COMPLEX WTH BETA-AMYLOID PEPTIDE 1-16	MUS MUSCULUS; SYNTHETIC CONSTRUCT	mus musculus	mus musculus	homo sapiens	Teplyakov, A., Obmolova, G., Gilliland, G.L.	1.92	X-RAY DIFFRACTION	0.236	0.198	False	True	IGHV1	IGKV4	Kappa	None	None	None	None	None
3e8u	H	L	0	P	peptide	NA	bnp peptide epitope	IMMUNE SYSTEM	08/20/08	Crystal structure and thermodynamic analysis of diagnostic Fab 106.3 complexed with BNP 5-13 (C10A) reveal basis of selective molecular recognition	MUS MUSCULUS; SYNTHETIC CONSTRUCT	mus musculus	mus musculus		Longenecker, K.L., Ruan, Q., Fry, E.H., Saldana, S.S., Brophy, S.E., Richardson, P.L., Tetin, S.Y.	2.1	X-RAY DIFFRACTION	0.243	0.185	False	True	IGHV9	IGKV3	Kappa	2.00E-10	-13.14	Other	23	19274732
5dub	H	L	0	P	peptide	NA	peptide	IMMUNE SYSTEM	09/18/15	Context-independent anti-hypusine antibody FabHpu98 in complex with deoxyhypusine	ORYCTOLAGUS CUNICULUS; SYNTHETIC CONSTRUCT	oryctolagus cuniculus	oryctolagus cuniculus	synthetic construct	Zhai, Q., Carter, P.J.	2.0	X-RAY DIFFRACTION	0.220	0.181	False	True	IGHV1	IGKV1	Kappa	None	None	None	None	None
5dub	A	B	0	NA	NA	NA	NA	IMMUNE SYSTEM	09/18/15	Context-independent anti-hypusine antibody FabHpu98 in complex with deoxyhypusine	ORYCTOLAGUS CUNICULUS; SYNTHETIC CONSTRUCT	oryctolagus cuniculus	oryctolagus cuniculus		Zhai, Q., Carter, P.J.	2.0	X-RAY DIFFRACTION	0.220	0.181	False	True	IGHV1	IGKV1	Kappa	None	None	None	None	None
2otu	D	C	0	Q	peptide	NA	peptide antigen	IMMUNE SYSTEM	02/09/07	Crystal structure of Fv polyglutamine complex	MUS MUSCULUS; SYNTHETIC CONSTRUCT	mus musculus	mus musculus		Li, P.	1.68	X-RAY DIFFRACTION	0.214	0.200	False	True	IGHV5	IGLV3	Lambda	None	None	None	None	None
2otu	B	A	0	P	peptide	NA	peptide antigen	IMMUNE SYSTEM	02/09/07	Crystal structure of Fv polyglutamine complex	MUS MUSCULUS; SYNTHETIC CONSTRUCT	mus musculus	mus musculus		Li, P.	1.68	X-RAY DIFFRACTION	0.214	0.200	False	True	IGHV5	IGLV3	Lambda	None	None	None	None	None
2otu	F	E	0	R	peptide	NA	peptide antigen	IMMUNE SYSTEM	02/09/07	Crystal structure of Fv polyglutamine complex	MUS MUSCULUS; SYNTHETIC CONSTRUCT	mus musculus	mus musculus		Li, P.	1.68	X-RAY DIFFRACTION	0.214	0.200	False	True	IGHV5	IGLV3	Lambda	None	None	None	None	None
2otu	H	G	0	S	peptide	NA	peptide antigen	IMMUNE SYSTEM	02/09/07	Crystal structure of Fv polyglutamine complex	MUS MUSCULUS; SYNTHETIC CONSTRUCT	mus musculus	mus musculus		Li, P.	1.68	X-RAY DIFFRACTION	0.214	0.200	False	True	IGHV5	IGLV3	Lambda	None	None	None	None	None
4o4y	H	L	0	A	peptide	NA	ides hinge peptide	IMMUNE SYSTEM	12/19/13	Crystal structure of the anti-hinge rabbit antibody 2095-2 in complex with IDES hinge peptide	ORYCTOLAGUS CUNICULUS, HOMO SAPIENS; SYNTHETIC CONSTRUCT	oryctolagus cuniculus, homo sapiens	oryctolagus cuniculus, homo sapiens	homo sapiens	Malia, T.J., Teplyakov, A., Luo, J., Gilliland, G.L.	1.85	X-RAY DIFFRACTION	0.237	0.192	False	True	IGHV1	IGKV1	Kappa	None	None	None	None	None
4hpo	H	L	0	P	peptide	NA	envelope glycoprotein gp160	Immune System/Viral Protein	10/24/12	Crystal structure of RV144-elicited antibody CH58 in complex with V2 peptide	HOMO SAPIENS; SYNTHETIC CONSTRUCT	homo sapiens	homo sapiens	human immunodeficiency virus 1	McLellan, J.S., Gorman, J., Haynes, B.F., Kwong, P.D.	1.694	X-RAY DIFFRACTION	0.211	0.185	False	True	IGHV5	IGLV6	Lambda	None	None	None	None	None
3bae	H	L	0	A	peptide	NA	amyloid beta peptide	IMMUNE SYSTEM	11/07/07	Crystal structure of Fab WO2 bound to the N terminal domain of Amyloid beta peptide (1-28)	MUS MUSCULUS; SYNTHETIC CONSTRUCT	mus musculus	mus musculus		Miles, L.A., Wun, K.S., Crespi, G.A., Parker, M.W.	1.593	X-RAY DIFFRACTION	0.250	0.207	False	False	IGHV8	IGKV1	Kappa	None	None	None	None	None
4xaw	H	L	0	P	peptide	NA	fragment of hiv glycoprotein (gp41) including the mperregion 671-683 	IMMUNE SYSTEM	12/15/14	Crystal structure of human 4E10 Fab in complex with its peptide epitope on HIV-1 gp41: Crystals cryoprotected with phosphatidic acid (08:0 PA)	HOMO SAPIENS; SYNTHETIC CONSTRUCT	homo sapiens	homo sapiens	human immunodeficiency virus 1	Irimia, A., Stanfield, R.L., Wilson, I.A.	1.47	X-RAY DIFFRACTION	0.181	0.148	False	True	IGHV1	IGKV3	Kappa	None	None	None	None	None
5nph	H	L	0	A	peptide	NA	genome polyprotein	IMMUNE SYSTEM	04/16/17	Structure of the Hepatitis C virus strain J4 glycoprotein E2 antigenic region 532-540 bound to the Fab fragment of the non-neutralizing antibody DAO5	MUS MUSCULUS; SYNTHETIC CONSTRUCT	mus musculus	mus musculus	hepatitis c virus	Vasiliauskaite, I., Rey, F.A., Krey, T.	1.7	X-RAY DIFFRACTION	0.203	0.179	False	True	IGHV1	IGKV5	Kappa	None	None	None	None	None
3sge	H	L	0	K	peptide	NA	r13 peptide	IMMUNE SYSTEM	06/14/11	Crystal structure of mAb 17.2 in complex with R13 peptide	MUS MUSCULUS; SYNTHETIC CONSTRUCT	mus musculus	mus musculus		Pizarro, J.C., Boulot, G., Hontebeyrie, M., Bentley, G.A.	1.89	X-RAY DIFFRACTION	0.211	0.179	False	True	IGHV10	IGKV1	Kappa	None	None	None	None	None
3sge	J	I	0	M	peptide	NA	r13 peptide	IMMUNE SYSTEM	06/14/11	Crystal structure of mAb 17.2 in complex with R13 peptide	MUS MUSCULUS; SYNTHETIC CONSTRUCT	mus musculus	mus musculus		Pizarro, J.C., Boulot, G., Hontebeyrie, M., Bentley, G.A.	1.89	X-RAY DIFFRACTION	0.211	0.179	False	True	IGHV10	IGKV1	Kappa	None	None	None	None	None
4jzn	I	P	0	K	peptide	NA	envelope glycoprotein e2	immune system/viral protein	04/03/13	Three dimensional structure of broadly neutralizing human anti - Hepatitis C virus (HCV) glycoprotein E2 Fab fragment HC84-1	HOMO SAPIENS; SYNTHETIC CONSTRUCT	homo sapiens	homo sapiens	hepatitis c virus (isolate h)	Krey, T., Rey, F.A.	2.05	X-RAY DIFFRACTION	0.235	0.198	False	True	IGHV1	IGLV3	Lambda	None	None	None	None	None
4jzn	C	D	0	NA	NA	NA	NA	immune system/viral protein	04/03/13	Three dimensional structure of broadly neutralizing human anti - Hepatitis C virus (HCV) glycoprotein E2 Fab fragment HC84-1	HOMO SAPIENS; SYNTHETIC CONSTRUCT	homo sapiens	homo sapiens		Krey, T., Rey, F.A.	2.05	X-RAY DIFFRACTION	0.235	0.198	False	True	IGHV1	IGLV3	Lambda	None	None	None	None	None
4jzn	A	B	0	NA	NA	NA	NA	immune system/viral protein	04/03/13	Three dimensional structure of broadly neutralizing human anti - Hepatitis C virus (HCV) glycoprotein E2 Fab fragment HC84-1	HOMO SAPIENS; SYNTHETIC CONSTRUCT	homo sapiens	homo sapiens		Krey, T., Rey, F.A.	2.05	X-RAY DIFFRACTION	0.235	0.198	False	True	IGHV1	IGLV3	Lambda	None	None	None	None	None
1ce1	H	L	0	P	peptide	NA	protein (peptide antigen)	IMMUNE SYSTEM	03/12/99	1.9A STRUCTURE OF THE THERAPEUTIC ANTIBODY CAMPATH-1H FAB IN COMPLEX WITH A SYNTHETIC PEPTIDE ANTIGEN	HOMO SAPIENS; SYNTHETIC CONSTRUCT				James, L.C., Hale, G., Waldmann, H., Bloomer, A.C.	1.9	X-RAY DIFFRACTION	0.270	0.220	False	True	IGHV4	IGKV1	Kappa	None	None	None	None	None
3fn0	H	L	0	P	peptide	NA	envelope polyprotein gp160	IMMUNE SYSTEM	12/22/08	Crystal structure of HIV-1 neutralizing human Fab Z13e1 in complex with a 12-residue peptide containing the Z13e1 epitope on gp41	HOMO SAPIENS; SYNTHETIC CONSTRUCT	homo sapiens	homo sapiens		Pejchal, R., Wilson, I.A., Zwick, M.B.	1.8	X-RAY DIFFRACTION	0.252	0.210	False	True	IGHV4	IGKV3	Kappa	None	None	None	None	None
4hpy	H	L	0	P	peptide	NA	envelope glycoprotein gp160	Immune System/Viral Protein	10/24/12	Crystal structure of RV144-elicited antibody CH59 in complex with V2 peptide	HOMO SAPIENS; SYNTHETIC CONSTRUCT	homo sapiens	homo sapiens	human immunodeficiency virus 1	McLellan, J.S., Gorman, J., Haynes, B.F., Kwong, P.D.	1.5	X-RAY DIFFRACTION	0.187	0.171	False	True	IGHV3	IGLV3	Lambda	None	None	None	None	None
3idg	B	A	0	C	peptide	NA	gp41 mper peptide	IMMUNE SYSTEM	07/21/09	Crystal structure of the HIV-1 Cross Neutralizing Monoclonal Antibody 2F5 in complex with gp41 Peptide ALDKWD	HOMO SAPIENS; SYNTHETIC CONSTRUCT	homo sapiens	homo sapiens		Julien, J.P., Bryson, S., Pai, E.F.	1.86	X-RAY DIFFRACTION	0.227	0.224	False	False	IGHV2	IGKV1	Kappa	None	None	None	None	None
4xbe	H	L	0	P	peptide	NA	peptide fragment of hiv glycoprotein (gp41) including theregion 671-683 of the mper 	IMMUNE SYSTEM	12/16/14	Crystal structure of human 4E10 Fab in complex with its peptide epitope on HIV-1 gp41: crystals cryoprotected with sphingomyelin (02:0 SM (d18:1/2:0)).	HOMO SAPIENS; SYNTHETIC CONSTRUCT	homo sapiens	homo sapiens	human immunodeficiency virus 1	Irimia, A., Stanfield, R.L., Wilson, I.A.	1.756	X-RAY DIFFRACTION	0.197	0.150	False	True	IGHV1	IGKV3	Kappa	None	None	None	None	None
5ea0	H	L	0	P	peptide	NA	complement factor h-related protein 2	IMMUNE SYSTEM	10/15/15	Structure of the antibody 7968 with human complement factor H-derived peptide	HOMO SAPIENS; SYNTHETIC CONSTRUCT	homo sapiens	homo sapiens	homo sapiens	Bushey, R.T., Moody, M.A., Nicely, N.I., Alam, S.M., Haynes, B.F., Winkler, M.T., Gottlin, E.B., Campa, M.J., Liao, H.-X., Patz Jr., E.F.	2.0	X-RAY DIFFRACTION	0.275	0.196	False	True	IGHV3	IGKV4	Kappa	None	None	None	None	None
1i8k	B	A	0	C	peptide	NA	epidermal growth factor receptor, egfrviiipeptide antigen 	IMMUNE SYSTEM	03/14/01	CRYSTAL STRUCTURE OF DSFV MR1 IN COMPLEX WITH THE PEPTIDE ANTIGEN OF THE MUTANT EPIDERMAL GROWTH FACTOR RECEPTOR, EGFRVIII, AT LIQUID NITROGEN TEMPERATURE	MUS MUSCULUS; SYNTHETIC CONSTRUCT	mus musculus	mus musculus		Landry, R.C., Klimowicz, A.C., Lavictoire, S.J., Borisova, S., Kottachchi, D.T., Lorimer, I.A., Evans, S.V.	1.8	X-RAY DIFFRACTION	0.224	0.172	False	True	IGHV5	IGKV17	Kappa	2.20E-08	-10.44	SPR	NA	11352579
4gag	H	L	0	P	peptide	NA	genome polyprotein	IMMUNE SYSTEM	07/25/12	Structure of the broadly neutralizing antibody AP33 in complex with its HCV epitope (E2 residues 412-423)	MUS MUSCULUS; SYNTHETIC CONSTRUCT	mus musculus	mus musculus	hepatitis c virus (isolate glasgow)	Potter, J.A., Owsianka, A., Angus, A.G.N., Jeffery, N., Matthews, D., Keck, Z., Lau, P., Foung, S.K.H., Taylor, G.L., Patel, A.H.	1.8	X-RAY DIFFRACTION	0.211	0.178	False	False	IGHV3	IGKV3	Kappa	None	None	None	None	None
5eoc	J	M	0	Q	peptide	NA	ala-cys-gln-leu-ile-asn-thr-asn-gly-ser-trp-his-ile-cys	IMMUNE SYSTEM	11/10/15	Crystal structure of Fab C2 in complex with a Cyclic variant of Hepatitis C Virus E2 epitope I	MUS MUSCULUS; SYNTHETIC CONSTRUCT	mus musculus	mus musculus	hepatitis c virus	Berisio, R., Ruggiero, A., Sandomenico, A., Patel, A.H., Ruvo, M., Vitagliano, L.	1.98	X-RAY DIFFRACTION	0.266	0.234	False	False	IGHV1	IGKV3	Kappa	None	None	None	None	None
5eoc	H	L	0	P	peptide	NA	ala-cys-gln-leu-ile-asn-thr-asn-gly-ser-trp-his-ile-cys	IMMUNE SYSTEM	11/10/15	Crystal structure of Fab C2 in complex with a Cyclic variant of Hepatitis C Virus E2 epitope I	MUS MUSCULUS; SYNTHETIC CONSTRUCT	mus musculus	mus musculus	hepatitis c virus	Berisio, R., Ruggiero, A., Sandomenico, A., Patel, A.H., Ruvo, M., Vitagliano, L.	1.98	X-RAY DIFFRACTION	0.266	0.234	False	False	IGHV1	IGKV3	Kappa	None	None	None	None	None
5eoq	H	L	0	A	peptide	NA	protein a27	VIRAL PROTEIN/IMMUNE SYSTEM	11/10/15	Structure of the murine Fab 1G6 bound to the vaccinia virus A27 peptide 31-40	MUS MUSCULUS; SYNTHETIC CONSTRUCT	mus musculus	mus musculus	vaccinia virus	Matho, M.H., Zajonc, D.M.	1.95	X-RAY DIFFRACTION	0.235	0.197	False	False	IGHV8	IGKV1	Kappa	None	None	None	None	None
1mvf	B	NA	0	D	peptide	NA	pemi-like protein 1	IMMUNE SYSTEM	09/25/02	MazE addiction antidote	CAMELUS DROMEDARIUS; ESCHERICHIA COLI	camelus dromedarius		escherichia coli	Loris, R., Marianovsky, I., Lah, J., Laeremans, T., Engelberg-Kulka, H., Glaser, G., Muyldermans, S., Wyns, L.	1.65	X-RAY DIFFRACTION	0.249	0.218	False	True	IGHV1	NA	NA	None	None	None	None	None
1mvf	A	NA	0	E	peptide	NA	pemi-like protein 1	IMMUNE SYSTEM	09/25/02	MazE addiction antidote	CAMELUS DROMEDARIUS; ESCHERICHIA COLI	camelus dromedarius		escherichia coli	Loris, R., Marianovsky, I., Lah, J., Laeremans, T., Engelberg-Kulka, H., Glaser, G., Muyldermans, S., Wyns, L.	1.65	X-RAY DIFFRACTION	0.249	0.218	False	True	IGHV1	NA	NA	None	None	None	None	None
1mvu	B	A	0	P	peptide	NA	p-glycoprotein	immune system	09/26/02	SINGLE CHAIN FV OF C219 HEAVY CHAIN V101L MUTANT IN COMPLEX WITH SYNTHETIC EPITOPE PEPTIDE	MUS MUSCULUS; SYNTHETIC CONSTRUCT	mus musculus	mus musculus		Chan, D.C.M., Kuntz, D.A., Rose, D.R.	1.78	X-RAY DIFFRACTION	0.223	0.197	True	True	IGHV14	IGKV8	Kappa	None	None	None	None	None
3ggw	B	A	0	E	peptide	NA	peptide b1	IMMUNE SYSTEM	03/02/09	Crystal Structure of FAB F22-4 in complex with a Carbohydrate-mimetic peptide	MUS MUSCULUS; SYNTHETIC CONSTRUCT	mus musculus	mus musculus		Saul, F.A., Vulliez-Le Normand, B., Bentley, G.A.	1.7	X-RAY DIFFRACTION	0.245	0.197	False	False	IGHV6	IGKV2	Kappa	2.90E-06	-7.55	ITC	25	19328810
3ggw	D	C	0	F	peptide	NA	peptide b1	IMMUNE SYSTEM	03/02/09	Crystal Structure of FAB F22-4 in complex with a Carbohydrate-mimetic peptide	MUS MUSCULUS; SYNTHETIC CONSTRUCT	mus musculus	mus musculus		Saul, F.A., Vulliez-Le Normand, B., Bentley, G.A.	1.7	X-RAY DIFFRACTION	0.245	0.197	False	False	IGHV6	IGKV2	Kappa	2.90E-06	-7.55	ITC	25	19328810
5fgb	E	B	0	G	peptide	NA	genome polyprotein	IMMUNE SYSTEM	12/20/15	Three dimensional structure of broadly neutralizing human anti - Hepatitis C virus (HCV) glycoprotein E2 Fab fragment HC33.4	HOMO SAPIENS; SYNTHETIC CONSTRUCT	homo sapiens	homo sapiens	hepatitis c virus genotype 1a (isolate h)	Girard-Blanc, C., Rey, F.A., Krey, T.	1.65	X-RAY DIFFRACTION	0.190	0.171	False	True	IGHV3	IGLV3	Lambda	None	None	None	None	None
5fgb	C	A	0	F	peptide	NA	genome polyprotein	IMMUNE SYSTEM	12/20/15	Three dimensional structure of broadly neutralizing human anti - Hepatitis C virus (HCV) glycoprotein E2 Fab fragment HC33.4	HOMO SAPIENS; SYNTHETIC CONSTRUCT	homo sapiens	homo sapiens	hepatitis c virus genotype 1a (isolate h)	Girard-Blanc, C., Rey, F.A., Krey, T.	1.65	X-RAY DIFFRACTION	0.190	0.171	False	True	IGHV3	IGLV3	Lambda	None	None	None	None	None
5fgc	E	B	0	A	peptide	NA	genome polyprotein	VIRAL PROTEIN	12/20/15	Three dimensional structure of broadly neutralizing human anti - Hepatitis C virus (HCV) glycoprotein E2 Fab fragment HC33.8	HOMO SAPIENS; SYNTHETIC CONSTRUCT	homo sapiens	homo sapiens	hepatitis c virus genotype 1a (isolate h)	Girard-Blanc, C., Rey, F.A., Krey, T.	1.9	X-RAY DIFFRACTION	0.236	0.194	False	True	IGHV3	IGLV3	Lambda	None	None	None	None	None
2fx9	H	L	0	P	peptide	NA	fragment of hiv glycoprotein gp41	IMMUNE SYSTEM	02/03/06	Crystal structure of hiv-1 neutralizing human fab 4e10 in complex with a thioether-linked peptide encompassing the 4e10 epitope on gp41	HOMO SAPIENS; SYNTHETIC CONSTRUCT	homo sapiens	homo sapiens		Cardoso, R.M.F., Brunel, F.M., Ferguson, S., Burton, D.R., Dawson, P.E., Wilson, I.A.	2.1	X-RAY DIFFRACTION	0.271	0.236	False	True	IGHV1	IGKV3	Kappa	1.70E-08	-10.59	SPR	NA	17125793
2fx9	I	M	0	Q	peptide	NA	fragment of hiv glycoprotein gp41	IMMUNE SYSTEM	02/03/06	Crystal structure of hiv-1 neutralizing human fab 4e10 in complex with a thioether-linked peptide encompassing the 4e10 epitope on gp41	HOMO SAPIENS; SYNTHETIC CONSTRUCT	homo sapiens	homo sapiens		Cardoso, R.M.F., Brunel, F.M., Ferguson, S., Burton, D.R., Dawson, P.E., Wilson, I.A.	2.1	X-RAY DIFFRACTION	0.271	0.236	False	True	IGHV1	IGKV3	Kappa	1.70E-08	-10.59	SPR	NA	17125793
2fx7	H	L	0	P	peptide	NA	fragment of hiv glycoprotein (gp41)	IMMUNE SYSTEM	02/03/06	Crystal structure of hiv-1 neutralizing human fab 4e10 in complex with a 16-residue peptide encompassing the 4e10 epitope on gp41	HOMO SAPIENS; SYNTHETIC CONSTRUCT	homo sapiens	homo sapiens		Cardoso, R.M.F., Brunel, F.M., Ferguson, S., Burton, D.R., Dawson, P.E., Wilson, I.A.	1.76	X-RAY DIFFRACTION	0.222	0.202	False	True	IGHV1	IGKV3	Kappa	2.00E-08	-10.5	SPR	NA	17125793
2v17	H	L	0	A	peptide	NA	peptide fragment	IMMUNE SYSTEM	05/22/07	Structure of the complex of antibody MN423 with a fragment of tau  protein	HOMO SAPIENS; MUS MUSCULUS	mus musculus	mus musculus	homo sapiens	Sevcik, J., Skrabana, R., Csokova, N., Dvorsky, R., Novak, M.	1.65	X-RAY DIFFRACTION	0.218	0.156	False	False	IGHV7	IGKV16	Kappa	None	None	None	None	None
2zpk	H	L	0	P	peptide	NA	proteinase-activated receptor 4	IMMUNE SYSTEM	07/16/08	Crystal structure of P20.1 Fab fragment in complex with its antigen peptide	MUS MUSCULUS; SYNTHETIC CONSTRUCT	mus musculus	mus musculus		Nogi, T., Sanagawa, T., Takagi, J.	1.8	X-RAY DIFFRACTION	0.204	0.172	False	False	IGHV9	IGLV1	Lambda	1.47E-06	-7.95	SPR	25	18787202
2zpk	I	M	0	Q	peptide	NA	proteinase-activated receptor 4	IMMUNE SYSTEM	07/16/08	Crystal structure of P20.1 Fab fragment in complex with its antigen peptide	MUS MUSCULUS; SYNTHETIC CONSTRUCT	mus musculus	mus musculus		Nogi, T., Sanagawa, T., Takagi, J.	1.8	X-RAY DIFFRACTION	0.204	0.172	False	False	IGHV9	IGLV1	Lambda	1.47E-06	-7.95	SPR	25	18787202
4z0x	B	A	0	C	peptide	NA	hcv e2 antigen (residues 432-446)	IMMUNE SYSTEM	03/26/15	Structure of Hepatitis C Virus Envelope glycoprotein E2 antigenic region 434-446 bound to the broadly neutralizing antibody HC26AM	HOMO SAPIENS; SYNTHETIC CONSTRUCT	homo sapiens	homo sapiens	hepatitis c virus	Rangarajan, S., Mariuzza, R.A.	2.0	X-RAY DIFFRACTION	0.270	0.226	False	True	IGHV1	IGLV3	Lambda	None	None	None	None	None
4xc1	H	L	0	P	peptide	NA	modified fragment of hiv-1 glycoprotein (gp41) includingthe mper region 671-683 	IMMUNE SYSTEM	12/17/14	Crystal structure of human 4E10 Fab in complex with its peptide epitope on HIV-1 GP41: crystals cryoprotected with sn-Glycerol 3-phosphate	HOMO SAPIENS; SYNTHETIC CONSTRUCT	homo sapiens	homo sapiens	human immunodeficiency virus 1	Irimia, A., Stanfield, R.L., Wilson, I.A.	1.63	X-RAY DIFFRACTION	0.189	0.143	False	True	IGHV1	IGKV3	Kappa	None	None	None	None	None
5epm	A	B	0	C	peptide	NA	beta-theraphotoxin-cm1a	TOXIN/IMMUNE SYSTEM	11/11/15	Ceratotoxin variant in complex with specific antibody Fab fragment	MUS MUSCULUS; SYNTHETIC CONSTRUCT	mus musculus	mus musculus	ceratogyrus marshalli	Strop, P., Shcherbatko, A., Rossi, A.	1.75	X-RAY DIFFRACTION	0.219	0.190	False	True	IGHV1	IGKV1	Kappa	None	None	None	None	None
5epm	E	F	0	D	peptide	NA	beta-theraphotoxin-cm1a	TOXIN/IMMUNE SYSTEM	11/11/15	Ceratotoxin variant in complex with specific antibody Fab fragment	MUS MUSCULUS; SYNTHETIC CONSTRUCT	mus musculus	mus musculus	ceratogyrus marshalli	Strop, P., Shcherbatko, A., Rossi, A.	1.75	X-RAY DIFFRACTION	0.219	0.190	False	True	IGHV1	IGKV1	Kappa	None	None	None	None	None
4xcf	H	L	0	P	peptide	NA	modified fragment of hiv-1 glycoprotein (gp41) includingthe mper region 671-683 	IMMUNE SYSTEM	12/18/14	Crystal structure of human 4E10 Fab in complex with its peptide epitope on HIV-1 gp41; crystals cryoprotected with phosphatidylcholine (03:0 PC)	HOMO SAPIENS; SYNTHETIC CONSTRUCT	homo sapiens	homo sapiens	human immunodeficiency virus 1	Irimia, A., Stanfield, R.L., Wilson, I.A.	1.43	X-RAY DIFFRACTION	0.170	0.137	False	True	IGHV1	IGKV3	Kappa	None	None	None	None	None
4onf	H	L	0	P	peptide	NA	amyloid beta a4 protein	IMMUNE SYSTEM	01/28/14	Fab fragment of 3D6 in complex with amyloid beta 1-7	MUS MUSCULUS; SYNTHETIC CONSTRUCT	mus musculus	mus musculus	homo sapiens	Feinberg, H., Saldanha, J.W., Diep, L., Goel, A., Widom, A., Veldman, G.M., Weis, W.I., Schenk, D., Basi, G.S.	2.0	X-RAY DIFFRACTION	0.203	0.158	False	True	IGHV5	IGKV1	Kappa	None	None	None	None	None
1zea	H	L	0	A	peptide	NA	short synthetic d-amino acid peptide d2	IMMUNE SYSTEM	04/18/05	Structure of the anti-cholera toxin antibody Fab fragment TE33 in complex with a D-peptide	MUS MUSCULUS; SYNTHETIC CONSTRUCT	mus musculus	mus musculus		Scheerer, P., Krauss, N., Wessner, H., Scholz, C., Otte, L., Seifert, M., Kramer, A., Schneider-Mergener, J., Hoehne, W.	1.78	X-RAY DIFFRACTION	0.248	0.198	False	False	IGHV9	IGKV1	Kappa	None	None	None	None	None
4r3s	A	B	0	Q	peptide	NA	merozoite surface protein	IMMUNE SYSTEM	08/18/14	Crystal Structure of anti-MSP2 Fv fragment (mAb6D8)in complex with MSP2 11-23	MUS MUSCULUS; SYNTHETIC CONSTRUCT	mus musculus	mus musculus	plasmodium falciparum	Morales, R.A.V., MacRaild, C.A., Seow, J., Bankala, K., Drinkwater, N., McGowan, S., Rouet, R., Christ, D., Anders, R.F., Norton, R.S.	1.7	X-RAY DIFFRACTION	0.200	0.152	False	True	IGHV14	IGKV3	Kappa	None	None	None	None	None
4lkx	A	B	0	R	peptide	NA	cemx segment	IMMUNE SYSTEM	07/09/13	Humanized antibody 4B12 Fab complexed with a CemX segment	HOMO SAPIENS; SYNTHETIC CONSTRUCT	homo sapiens	homo sapiens	homo sapiens	Chu, H.M., Wright, J., Chan, Y.H., Lin, C.J., Chang, T.W., Lim, C.	1.92	X-RAY DIFFRACTION	0.229	0.180	False	True	IGHV4	IGKV1	Kappa	None	None	None	None	None
3o6l	H	L	0	C	peptide	NA	protein tat 15-mer peptide	IMMUNE SYSTEM	07/29/10	Anti-Tat HIV 11H6H1 Fab' complexed with a 15-mer Tat peptide	MUS MUSCULUS; SYNTHETIC CONSTRUCT	mus musculus	mus musculus		Serriere, J., Gouet, P., Guillon, C.	2.1	X-RAY DIFFRACTION	0.227	0.186	False	False	IGHV5	IGKV1	Kappa	3.10E-08	-9.93	Other	16	21035463
4hs6	B	A	0	Z	peptide	NA	e2-peptide	IMMUNE SYSTEM	10/29/12	Hepatitus C envelope glycoprotein E2 fragment 412-423 with humanized and affinity-matured antibody MRCT10.v362	HOMO SAPIENS; SYNTHETIC CONSTRUCT	homo sapiens	homo sapiens	hepatitis c virus	Eigenbrot, C., Ultsch, M.	1.53	X-RAY DIFFRACTION	0.200	0.175	False	True	IGHV4	IGKV1	Kappa	None	None	None	None	None
4hs6	H	L	0	Y	peptide	NA	e2-peptide	IMMUNE SYSTEM	10/29/12	Hepatitus C envelope glycoprotein E2 fragment 412-423 with humanized and affinity-matured antibody MRCT10.v362	HOMO SAPIENS; SYNTHETIC CONSTRUCT	homo sapiens	homo sapiens	hepatitis c virus	Eigenbrot, C., Ultsch, M.	1.53	X-RAY DIFFRACTION	0.200	0.175	False	True	IGHV4	IGKV1	Kappa	None	None	None	None	None
1sm3	H	L	0	P	peptide	NA	peptide epitope	COMPLEX (ANTIBODY/PEPTIDE EPITOPE)	12/23/97	CRYSTAL STRUCTURE OF THE TUMOR SPECIFIC ANTIBODY SM3 COMPLEX WITH ITS PEPTIDE EPITOPE	MUS MUSCULUS	mus musculus	mus musculus		Dokurno, P., Bates, P.A., Band, H.A., Stewart, L.M.D., Lally, J.M., Burchell, J.M., Taylor-Papadimitriou, J., Sternberg, M.J.E., Snary, D., Freemont, P.S.	1.95	X-RAY DIFFRACTION	0.283	0.213	False	False	IGHV6	IGLV1	Lambda	None	None	None	None	None
4jo1	H	L	0	P	peptide	NA	gp120	IMMUNE SYSTEM/VIRAL PROTEIN	03/16/13	Crystal structure of rabbit mAb R56 Fab in complex with V3 crown of HIV-1 JR-FL gp120	ORYCTOLAGUS CUNICULUS; HUMAN IMMUNODEFICIENCY VIRUS 1	oryctolagus cuniculus	oryctolagus cuniculus	human immunodeficiency virus 1	Pan, R.M., Kong, X.P.	2.033	X-RAY DIFFRACTION	0.223	0.181	False	True	IGHV1	IGKV1	Kappa	None	None	None	None	None
4jo1	I	M	0	Q	peptide	NA	gp120	IMMUNE SYSTEM/VIRAL PROTEIN	03/16/13	Crystal structure of rabbit mAb R56 Fab in complex with V3 crown of HIV-1 JR-FL gp120	ORYCTOLAGUS CUNICULUS; HUMAN IMMUNODEFICIENCY VIRUS 1	oryctolagus cuniculus	oryctolagus cuniculus	human immunodeficiency virus 1	Pan, R.M., Kong, X.P.	2.033	X-RAY DIFFRACTION	0.223	0.181	False	True	IGHV1	IGKV1	Kappa	None	None	None	None	None
4xc3	H	L	0	P	peptide	NA	modified fragment of hiv-1 glycoprotein (gp41) includingthe mper region 671-683 	IMMUNE SYSTEM	12/17/14	Crystal structure of human 4E10 Fab in complex with its peptide epitope on HIV-1 gp41; crystals cryoprotected with rac-glycerol 1-phosphate	HOMO SAPIENS; SYNTHETIC CONSTRUCT	homo sapiens	homo sapiens	human immunodeficiency virus 1	Irimia, A., Stanfield, R.L., Wilson, I.A.	1.63	X-RAY DIFFRACTION	0.180	0.137	False	True	IGHV1	IGKV3	Kappa	None	None	None	None	None
4n8c	H	L	0	X	peptide	NA	extracellular domain of influenza matrix protein 2	IMMUNE SYSTEM	10/17/13	Three-dimensional structure of the extracellular domain of Matrix protein 2 of influenza A virus	MUS MUSCULUS; SYNTHETIC CONSTRUCT	mus musculus	mus musculus	influenza a virus (a/puerto rico/8/1934(h1n1))	Cho, K.J., Seok, J.H., Kim, S., Roose, K., Schepens, B., Fiers, W., Saelens, X., Kim, K.H.	1.6	X-RAY DIFFRACTION	0.242	0.193	False	False	IGHV1	IGKV8	Kappa	None	None	None	None	None
4n8c	I	M	0	Y	peptide	NA	extracellular domain of influenza matrix protein 2	IMMUNE SYSTEM	10/17/13	Three-dimensional structure of the extracellular domain of Matrix protein 2 of influenza A virus	MUS MUSCULUS; SYNTHETIC CONSTRUCT	mus musculus	mus musculus	influenza a virus (a/puerto rico/8/1934(h1n1))	Cho, K.J., Seok, J.H., Kim, S., Roose, K., Schepens, B., Fiers, W., Saelens, X., Kim, K.H.	1.6	X-RAY DIFFRACTION	0.242	0.193	False	False	IGHV1	IGKV8	Kappa	None	None	None	None	None
1f58	H	L	0	P	peptide	NA	protein (exterior membrane glycoprotein(gp120))	Viral protein/Immune system	10/21/98	IGG1 FAB FRAGMENT (58.2) COMPLEX WITH 24-RESIDUE PEPTIDE (RESIDUES 308-333 OF HIV-1 GP120 (MN ISOLATE) WITH ALA TO AIB SUBSTITUTION AT POSITION 323	MUS MUSCULUS; SYNTHETIC CONSTRUCT	mus musculus	mus musculus		Stanfield, R.L., Cabezas, E., Satterthwait, A.C., Stura, E.A., Profy, A.T., Wilson, I.A.	2.0	X-RAY DIFFRACTION	0.256	0.196	False	False	IGHV3	IGKV3	Kappa	None	None	None	None	None
3uo1	H	L	0	P	peptide	NA	h-2 class i histocompatibility antigen, l-d alpha chain	IMMUNE SYSTEM	11/16/11	Structure of a monoclonal antibody complexed with its MHC-I antigen	MUS MUSCULUS; SYNTHETIC CONSTRUCT	mus musculus	mus musculus	mus musculus	Margulies, D.H., Mage, M.G., Wang, R., Natarajan, K.	1.641	X-RAY DIFFRACTION	0.206	0.185	False	False	IGHV5	IGKV1	Kappa	None	None	None	None	None
4dgy	H	L	0	A	peptide	NA	e2 peptide	IMMUNE SYSTEM/VIRAL PROTEIN	01/27/12	Structure of the Hepatitis C virus envelope glycoprotein E2 antigenic region 412-423 bound to the broadly neutralizing antibody HCV1, C2 form	HOMO SAPIENS; SYNTHETIC CONSTRUCT	homo sapiens	homo sapiens	hepatitis c virus	Kong, L., Wilson, I.A., Law, M.	1.798	X-RAY DIFFRACTION	0.221	0.188	False	True	IGHV3	IGKV3	Kappa	None	None	None	None	None
3drq	B	A	0	C	peptide	NA	gp41 peptide epitope	IMMUNE SYSTEM	07/11/08	Crystal structure of the HIV-1 broadly neutralizing antibody 2F5 in complex with the gp41 FP-MPER Hyb3K construct 514GIGALFLGFLGAAGS528KK-Ahx-655KNEQELLELDKWASLWN671 soaked in PEG/2-propanol solution	HOMO SAPIENS; SYNTHETIC CONSTRUCT	homo sapiens	homo sapiens		Bryson, S., Julien, J.P., Pai, E.F.	2.0	X-RAY DIFFRACTION	0.254	0.227	False	True	IGHV2	IGKV1	Kappa	None	None	None	None	None
3d0v	B	A	0	C	peptide	NA	gp41 peptide lleldkwaslw	IMMUNE SYSTEM	05/02/08	Crystal structure of the HIV-1 Cross Neutralizing Monoclonal Antibody 2F5 in complex with gp41 Peptide LLELDKWASLW	HOMO SAPIENS; SYNTHETIC CONSTRUCT	homo sapiens	homo sapiens		Bryson, S., Julien, J.P., Pai, E.F.	2.05	X-RAY DIFFRACTION	0.232	0.218	False	False	IGHV2	IGKV1	Kappa	None	None	None	None	None
3mlr	H	L	0	P	peptide	NA	hiv-1 gp120 third variable region (v3) crown	IMMUNE SYSTEM	04/18/10	Crystal structure of anti-HIV-1 V3 Fab 2557 in complex with a NY5 V3 peptide	HUMAN IMMUNODEFICIENCY VIRUS TYPE 1; HOMO SAPIENS	homo sapiens	homo sapiens	human immunodeficiency virus type 1	Kong, X.-P.	1.8	X-RAY DIFFRACTION	0.216	0.181	False	False	IGHV5	IGLV3	Lambda	None	None	None	None	None
3mlx	I	M	0	Q	peptide	NA	hiv-1 gp120 third variable region (v3) crown	IMMUNE SYSTEM	04/18/10	Crystal structure of anti-HIV-1 V3 Fab 3074 in complex with an MN V3 peptide	HIV-1 M:B_MN; HOMO SAPIENS	homo sapiens	homo sapiens	hiv-1 m	Kong, X.-P.	1.9	X-RAY DIFFRACTION	0.228	0.192	False	False	IGHV4	IGLV1	Lambda	None	None	None	None	None
3mlx	H	L	0	P	peptide	NA	hiv-1 gp120 third variable region (v3) crown	IMMUNE SYSTEM	04/18/10	Crystal structure of anti-HIV-1 V3 Fab 3074 in complex with an MN V3 peptide	HIV-1 M:B_MN; HOMO SAPIENS	homo sapiens	homo sapiens	hiv-1 m	Kong, X.-P.	1.9	X-RAY DIFFRACTION	0.228	0.192	False	False	IGHV4	IGLV1	Lambda	None	None	None	None	None
5ds8	A	B	0	NA	NA	NA	NA	IMMUNE SYSTEM	09/17/15	Context-independent anti-hypusine antibody FabHpu98 in complex with hypusine	ORYCTOLAGUS CUNICULUS; SYNTHETIC CONSTRUCT	oryctolagus cuniculus	oryctolagus cuniculus		Zhai, Q., Carter, P.J.	1.95	X-RAY DIFFRACTION	0.224	0.183	False	True	IGHV1	IGKV1	Kappa	None	None	None	None	None
5ds8	H	L	0	P	peptide	NA	tetrapeptide gly-hpu-gly-ala	IMMUNE SYSTEM	09/17/15	Context-independent anti-hypusine antibody FabHpu98 in complex with hypusine	ORYCTOLAGUS CUNICULUS; SYNTHETIC CONSTRUCT	oryctolagus cuniculus	oryctolagus cuniculus	synthetic construct	Zhai, Q., Carter, P.J.	1.95	X-RAY DIFFRACTION	0.224	0.183	False	True	IGHV1	IGKV1	Kappa	None	None	None	None	None
5myx	B	A	0	E	peptide	NA	pyroglutamate-abeta pe3-18	IMMUNE SYSTEM	01/30/17	Structure of Pyroglutamate-Abeta-specific Fab c#24 in complex with human Abeta-pE3-18	MUS MUSCULUS; SYNTHETIC CONSTRUCT	mus musculus	mus musculus	homo sapiens	Parthier, C., Piechotta, A., Stubbs, M.T.	1.492	X-RAY DIFFRACTION	0.213	0.181	False	True	IGHV1	IGKV1	Kappa	None	None	None	None	None
5myx	D	C	0	F	peptide	NA	pyroglutamate-abeta pe3-18	IMMUNE SYSTEM	01/30/17	Structure of Pyroglutamate-Abeta-specific Fab c#24 in complex with human Abeta-pE3-18	MUS MUSCULUS; SYNTHETIC CONSTRUCT	mus musculus	mus musculus	homo sapiens	Parthier, C., Piechotta, A., Stubbs, M.T.	1.492	X-RAY DIFFRACTION	0.213	0.181	False	True	IGHV1	IGKV1	Kappa	None	None	None	None	None
4xh2	G	I	0	g	peptide	NA	unknown	CELL ADHESION	01/04/15	Crystal structure of human paxillin LD4 motif in complex with Fab fragment	HOMO SAPIENS; SYNTHETIC CONSTRUCT	homo sapiens	homo sapiens	synthetic construct	Nocula-Lugowska, M., Lugowski, M., Salgia, R., Kossiakoff, A.A.	2.0	X-RAY DIFFRACTION	0.258	0.224	False	True	IGHV3	IGKV1	Kappa	None	None	None	None	None
4xh2	J	K	0	j	peptide	NA	unknown	CELL ADHESION	01/04/15	Crystal structure of human paxillin LD4 motif in complex with Fab fragment	HOMO SAPIENS; SYNTHETIC CONSTRUCT	homo sapiens	homo sapiens	synthetic construct	Nocula-Lugowska, M., Lugowski, M., Salgia, R., Kossiakoff, A.A.	2.0	X-RAY DIFFRACTION	0.258	0.224	False	True	IGHV3	IGKV1	Kappa	None	None	None	None	None
4xh2	H	L	0	h	peptide	NA	unknown	CELL ADHESION	01/04/15	Crystal structure of human paxillin LD4 motif in complex with Fab fragment	HOMO SAPIENS; SYNTHETIC CONSTRUCT	homo sapiens	homo sapiens	synthetic construct	Nocula-Lugowska, M., Lugowski, M., Salgia, R., Kossiakoff, A.A.	2.0	X-RAY DIFFRACTION	0.258	0.224	False	True	IGHV3	IGKV1	Kappa	None	None	None	None	None
4xh2	C	D	0	c	peptide	NA	unknown	CELL ADHESION	01/04/15	Crystal structure of human paxillin LD4 motif in complex with Fab fragment	HOMO SAPIENS; SYNTHETIC CONSTRUCT	homo sapiens	homo sapiens	synthetic construct	Nocula-Lugowska, M., Lugowski, M., Salgia, R., Kossiakoff, A.A.	2.0	X-RAY DIFFRACTION	0.258	0.224	False	True	IGHV3	IGKV1	Kappa	None	None	None	None	None
4xh2	A	B	0	a	peptide	NA	unknown	CELL ADHESION	01/04/15	Crystal structure of human paxillin LD4 motif in complex with Fab fragment	HOMO SAPIENS; SYNTHETIC CONSTRUCT	homo sapiens	homo sapiens	synthetic construct	Nocula-Lugowska, M., Lugowski, M., Salgia, R., Kossiakoff, A.A.	2.0	X-RAY DIFFRACTION	0.258	0.224	False	True	IGHV3	IGKV1	Kappa	None	None	None	None	None
4xh2	E	F	0	e	peptide	NA	unknown	CELL ADHESION	01/04/15	Crystal structure of human paxillin LD4 motif in complex with Fab fragment	HOMO SAPIENS; SYNTHETIC CONSTRUCT	homo sapiens	homo sapiens	synthetic construct	Nocula-Lugowska, M., Lugowski, M., Salgia, R., Kossiakoff, A.A.	2.0	X-RAY DIFFRACTION	0.258	0.224	False	True	IGHV3	IGKV1	Kappa	None	None	None	None	None
3pp4	H	L	0	P	peptide	NA	b-lymphocyte antigen cd20	IMMUNE SYSTEM	11/24/10	Epitope characterization and crystal structure of GA101 provide insights into the molecular basis for the type I / type II distinction of anti- CD20 antibodies	MUS MUSCULUS; SYNTHETIC CONSTRUCT	mus musculus	mus musculus	homo sapiens	Hopfner, K.-P., Lammens, A.	1.6	X-RAY DIFFRACTION	0.187	0.137	False	True	IGHV1	IGKV2D	Kappa	7.00E-06		ITC	25	21444918
4qy8	A	B	0	Q	peptide	NA	merozoite surface antigen 2	IMMUNE SYSTEM	07/24/14	Crystal Structure of anti-MSP2 Fv fragment (mAb6D8) in complex with 3D7-MSP2 14-30	MUS MUSCULUS; SYNTHETIC CONSTRUCT	mus musculus	mus musculus	plasmodium falciparum 3d7	Morales, R.A.V., MacRaild, C.A., Seow, J., Bankala, K., Drinkwater, N., McGowan, S., Rouet, R., Christ, D., Anders, R.F., Norton, R.S.	1.353	X-RAY DIFFRACTION	0.165	0.152	False	True	IGHV14	IGKV3	Kappa	None	None	None	None	None
3o41	H	L	0	P	peptide	NA	fusion glycoprotein f1	IMMUNE SYSTEM/VIRAL PROTEIN	07/26/10	Crystal Structure of 101F Fab Bound to 15-mer Peptide Epitope	MUS MUSCULUS; SYNTHETIC CONSTRUCT	mus musculus	mus musculus	human respiratory syncytial virus a	McLellan, J.S., Chen, M., Chang, J.S., Yang, Y., Kim, A., Graham, B.S., Kwong, P.D.	1.95	X-RAY DIFFRACTION	0.217	0.177	False	True	IGHV8	IGKV3	Kappa	None	None	None	None	None
3o41	A	B	0	C	peptide	NA	fusion glycoprotein f1	IMMUNE SYSTEM/VIRAL PROTEIN	07/26/10	Crystal Structure of 101F Fab Bound to 15-mer Peptide Epitope	MUS MUSCULUS; SYNTHETIC CONSTRUCT	mus musculus	mus musculus	human respiratory syncytial virus a	McLellan, J.S., Chen, M., Chang, J.S., Yang, Y., Kim, A., Graham, B.S., Kwong, P.D.	1.95	X-RAY DIFFRACTION	0.217	0.177	False	True	IGHV8	IGKV3	Kappa	None	None	None	None	None
2brr	H	L	0	P	peptide	NA	class 1 outer membrane protein variable region 2	IMMUNE SYSTEM	05/11/05	Complex of the neisserial PorA P1.4 epitope peptide and two Fab- fragments (antibody MN20B9.34)	MUS MUSCULUS; SYNTHETIC CONSTRUCT	mus musculus	mus musculus	neisseria meningitidis	Oomen, C.J., Hoogerhout, P., Kuipers, B., Vidarsson, G., vanAlphen, L., Gros, P.	1.95	X-RAY DIFFRACTION	0.238	0.198	False	True	IGHV9	IGKV4	Kappa	None	None	None	None	None
2brr	Y	X	0	P	peptide	NA	class 1 outer membrane protein variable region 2	IMMUNE SYSTEM	05/11/05	Complex of the neisserial PorA P1.4 epitope peptide and two Fab- fragments (antibody MN20B9.34)	MUS MUSCULUS; SYNTHETIC CONSTRUCT	mus musculus	mus musculus	neisseria meningitidis	Oomen, C.J., Hoogerhout, P., Kuipers, B., Vidarsson, G., vanAlphen, L., Gros, P.	1.95	X-RAY DIFFRACTION	0.238	0.198	False	True	IGHV9	IGKV4	Kappa	None	None	None	None	None
2f5b	H	L	0	P	peptide	NA	protein (gp41 epitope)	IMMUNOGLOBULIN	04/09/99	CRYSTAL STRUCTURE OF FAB' FROM THE HIV-1 NEUTRALIZING ANTIBODY 2F5 IN COMPLEX WITH ITS GP41 EPITOPE	HOMO SAPIENS; SYNTHETIC CONSTRUCT	homo sapiens	homo sapiens		Bryson, S., Julien, J.P., Hynes, R.C., Pai, E.F.	2.0	X-RAY DIFFRACTION	0.258	0.232	False	False	IGHV2	IGKV1	Kappa	None	None	None	None	None
3mly	H	L	0	P	peptide	NA	hiv-1 gp120 third variable region (v3) crown	IMMUNE SYSTEM	04/18/10	Crystal structure of anti-HIV-1 V3 Fab 3074 in complex with a UR29 V3 peptide	HOMO SAPIENS; HUMAN IMMUNODEFICIENCY VIRUS 1	homo sapiens	homo sapiens	human immunodeficiency virus 1	Kong, X.-P.	1.7	X-RAY DIFFRACTION	0.215	0.181	False	False	IGHV4	IGLV1	Lambda	None	None	None	None	None
3mly	I	M	0	Q	peptide	NA	hiv-1 gp120 third variable region (v3) crown	IMMUNE SYSTEM	04/18/10	Crystal structure of anti-HIV-1 V3 Fab 3074 in complex with a UR29 V3 peptide	HOMO SAPIENS; HUMAN IMMUNODEFICIENCY VIRUS 1	homo sapiens	homo sapiens	human immunodeficiency virus 1	Kong, X.-P.	1.7	X-RAY DIFFRACTION	0.215	0.181	False	False	IGHV4	IGLV1	Lambda	None	None	None	None	None
2qhr	H	L	0	P	peptide	NA	envelope glycoprotein peptide	Immune system/viral protein	07/02/07	Crystal structure of the 13F6-1-2 Fab fragment bound to its Ebola virus glycoprotein peptide epitope.	MUS MUSCULUS; SYNTHETIC CONSTRUCT	mus musculus	mus musculus		Lee, J.E., Kuehne, A., Abelson, D.M., Fusco, M.L., Hart, M.K., Saphire, E.O.	2.0	X-RAY DIFFRACTION	0.245	0.203	False	False	IGHV5	IGLV3	Lambda	4.10E-08	-10.07	SPR	25	18005986
2hkf	H	L	0	P	peptide	NA	carbonic anhydrase 9	immune system	07/04/06	Crystal structure of the Complex Fab M75- Peptide	MUS MUSCULUS; SYNTHETIC CONSTRUCT	mus musculus	mus musculus		Kral, V., Mader, P., Stouracova, R., Fabry, M., Horejsi, M., Brynda, J.	2.01	X-RAY DIFFRACTION	0.242	0.176	False	False	IGHV10	IGKV1	Kappa	3.10E-07	-8.89	ITC	25	18041760
5e2v	H	L	0	P	peptide	NA	tau phosphopeptide	IMMUNE SYSTEM	10/01/15	Anti-TAU AT8 FAB with doubly phosphorylated TAU peptide	MUS MUSCULUS; SYNTHETIC CONSTRUCT	mus musculus	mus musculus	homo sapiens	Malia, T., Teplyakov, A.	1.64	X-RAY DIFFRACTION	0.208	0.165	False	True	IGHV3	IGKV2	Kappa	None	None	None	None	None
5e2w	H	L	0	P	peptide	NA	tau-phosphopeptide	IMMUNE SYSTEM	10/01/15	Anti-TAU AT8 FAB with triply phosphorylated TAU peptide	MUS MUSCULUS; SYNTHETIC CONSTRUCT	mus musculus	mus musculus	homo sapiens	Malia, T., Teplyakov, A.	1.5	X-RAY DIFFRACTION	0.220	0.216	False	True	IGHV3	IGKV2	Kappa	None	None	None	None	None
4qxt	A	B	0	Q	peptide	NA	merozoite surface antigen 2	IMMUNE SYSTEM	07/22/14	Crystal Structure of anti-MSP2 Fv fragment (mAb6D8)in complex with FC27-MSP2 14-30	MUS MUSCULUS; SYNTHETIC CONSTRUCT	mus musculus	mus musculus	plasmodium falciparum k1	Morales, R.A.V., MacRaild, C.A., Seow, J., Bankala, K., Drinkwater, N., McGowan, S., Rouet, R., Christ, D., Anders, R.F., Norton, R.S.	1.58	X-RAY DIFFRACTION	0.177	0.156	False	True	IGHV14	IGKV3	Kappa	None	None	None	None	None
3mnz	B	A	0	P	peptide	NA	gp41 mper-derived peptide	IMMUNE SYSTEM	04/22/10	Crystal structure of the non-neutralizing HIV antibody 13H11 Fab fragment with a gp41 MPER-derived peptide bearing Ala substitutions in a helical conformation	MUS MUSCULUS,HOMO SAPIENS; SYNTHETIC CONSTRUCT	mus musculus,homo sapiens	mus musculus,homo sapiens		Nicely, N.I., Dennison, S.M., Kelsoe, G., Liao, H.-X., Alam, S.M., Haynes, B.F.	1.8	X-RAY DIFFRACTION	0.215	0.179	False	True	IGHV9	IGKV8	Kappa	None	None	None	None	None
5i8c	A	B	0	C	peptide	NA	hiv-1 clade a bg505 fusion peptide (residue 512-520)	IMMUNE SYSTEM	02/18/16	Crystal Structure of HIV-1 Clade A BG505 Fusion Peptide (residue 512-520) in Complex with Broadly Neutralizing Antibody VRC34.01 Fab	HOMO SAPIENS; SYNTHETIC CONSTRUCT	homo sapiens	homo sapiens	human immunodeficiency virus 1	Xu, K., Zhou, T., Liu, K., Kwong, P.D.	1.54	X-RAY DIFFRACTION	0.182	0.160	False	True	IGHV1	IGKV1	Kappa	None	None	None	None	None
5cin	H	L	0	P	peptide	NA	peptide from mper region of hiv-1 env	IMMUNE SYSTEM	07/13/15	Crystal Structure of non-neutralizing version of 4E10 (DeltaLoop) with epitope bound	HOMO SAPIENS; SYNTHETIC CONSTRUCT	homo sapiens	homo sapiens	human immunodeficiency virus 1	Caaveiro, J.M.M., Rujas, E., Nieva, J.L., Tsumoto, K.	1.7	X-RAY DIFFRACTION	0.178	0.148	False	True	IGHV1	IGKV3	Kappa	None	None	None	None	None
5cil	H	L	0	P	peptide	NA	peptide from the mper region of the env protein of hiv-1	IMMUNE SYSTEM	07/13/15	Crystal Structure of non-neutralizing version of 4E10 (WDWD) with epitope bound	HOMO SAPIENS; SYNTHETIC CONSTRUCT	homo sapiens	homo sapiens	human immunodeficiency virus 1	Caaveiro, J.M.M., Rujas, E., Nieva, J.L., Tsumoto, K.	1.81	X-RAY DIFFRACTION	0.188	0.163	False	True	IGHV1	IGKV3	Kappa	None	None	None	None	None
4qyo	A	B	0	Q	peptide	NA	merozoite surface antigen 2	IMMUNE SYSTEM	07/24/14	Crystal Structure of anti-MSP2 Fv fragment (mAb6D8)in complex with MSP2 14-22	MUS MUSCULUS; SYNTHETIC CONSTRUCT	mus musculus	mus musculus	plasmodium falciparum k1	Morales, R.A.V., MacRaild, C.A., Seow, J., Bankala, K., Drinkwater, N., McGowan, S., Rouet, R., Christ, D., Anders, R.F., Norton, R.S.	1.208	X-RAY DIFFRACTION	0.170	0.151	False	True	IGHV14	IGKV3	Kappa	None	None	None	None	None
3ujj	H	L	0	P	peptide	NA	gp120	IMMUNE SYSTEM	11/07/11	Crystal structure of anti-HIV-1 V3 Fab 4025 in complex with Con A peptide	HOMO SAPIENS; SYNTHETIC CONSTRUCT	homo sapiens	homo sapiens	human immunodeficiency virus 1	Kong, X.P., Sampson, J.	2.0	X-RAY DIFFRACTION	0.213	0.177	False	False	IGHV5	IGLV3	Lambda	None	None	None	None	None
3uji	H	L	0	P	peptide	NA	envelope glycoprotein gp160	IMMUNE SYSTEM	11/07/11	Crystal structure of anti-HIV-1 V3 Fab 2558 in complex with MN peptide	HOMO SAPIENS; SYNTHETIC CONSTRUCT	homo sapiens	homo sapiens	hiv-1 m	Kong, X.P.	1.6	X-RAY DIFFRACTION	0.194	0.161	False	False	IGHV5	IGLV3	Lambda	None	None	None	None	None
5u3o	H	L	0	A	peptide	NA	gp41 mper peptide	IMMUNE SYSTEM/VIRAL PROTEIN	12/02/16	Crystal Structure of DH511.2_K3 Fab in Complex with HIV-1 gp41 MPER Peptide	HOMO SAPIENS; SYNTHETIC CONSTRUCT	homo sapiens	homo sapiens	human immunodeficiency virus 1	Ofek, G., Wu, L., Lougheed, C.S., Williams, L.D., Nicely, N.I., Haynes, B.F.	1.761	X-RAY DIFFRACTION	0.192	0.161	False	True	IGHV3	IGKV1	Kappa	None	None	None	None	None
5u3n	H	L	0	A	peptide	NA	gp41 mper peptide	IMMUNE SYSTEM/VIRAL PROTEIN	12/02/16	Crystal Structure of DH511.12P Fab in Complex with HIV-1 gp41 MPER Peptide	HOMO SAPIENS; SYNTHETIC CONSTRUCT	homo sapiens	homo sapiens	human immunodeficiency virus 1	Ofek, G., Wu, L., Lougheed, C.S., Williams, L.D., Nicely, N.I., Haynes, B.F.	2.0	X-RAY DIFFRACTION	0.228	0.182	False	True	IGHV3	IGKV1	Kappa	None	None	None	None	None
5u3l	H	L	0	P	peptide	NA	gp41 mper peptide	IMMUNE SYSTEM/VIRAL PROTEIN	12/02/16	Crystal Structure of DH511.2 Fab in Complex with HIV-1 gp41 MPER 670-683 Peptide	HOMO SAPIENS; SYNTHETIC CONSTRUCT	homo sapiens	homo sapiens	human immunodeficiency virus 1	Ofek, G., Wu, L., Lougheed, C.S., Williams, L.D., Nicely, N.I., Haynes, B.F.	2.165	X-RAY DIFFRACTION	0.231	0.205	False	True	IGHV3	IGKV1	Kappa	None	None	None	None	None
5u3l	A	B	0	C	peptide	NA	gp41 mper peptide	IMMUNE SYSTEM/VIRAL PROTEIN	12/02/16	Crystal Structure of DH511.2 Fab in Complex with HIV-1 gp41 MPER 670-683 Peptide	HOMO SAPIENS; SYNTHETIC CONSTRUCT	homo sapiens	homo sapiens	human immunodeficiency virus 1	Ofek, G., Wu, L., Lougheed, C.S., Williams, L.D., Nicely, N.I., Haynes, B.F.	2.165	X-RAY DIFFRACTION	0.231	0.205	False	True	IGHV3	IGKV1	Kappa	None	None	None	None	None
